question_name,tag1,tag2,tag3
两数之和,数组,哈希表,None
两数相加,递归,链表,数学
无重复字符的最长子串,哈希表,字符串,滑动窗口
寻找两个正序数组的中位数,数组,二分查找,分治
最长回文子串,字符串,动态规划,None
Z 字形变换,字符串,None,None
整数反转,数学,None,None
字符串转换整数 (atoi),字符串,None,None
回文数,数学,None,None
正则表达式匹配,递归,字符串,动态规划
盛最多水的容器,贪心,数组,双指针
整数转罗马数字,哈希表,数学,字符串
罗马数字转整数,哈希表,数学,字符串
最长公共前缀,字典树,字符串,None
三数之和,数组,双指针,排序
最接近的三数之和,数组,双指针,排序
电话号码的字母组合,哈希表,字符串,回溯
四数之和,数组,双指针,排序
删除链表的倒数第 N 个结点,链表,双指针,None
有效的括号,栈,字符串,None
合并两个有序链表,递归,链表,None
括号生成,字符串,动态规划,回溯
合并 K 个升序链表,链表,分治,堆（优先队列）
两两交换链表中的节点,递归,链表,None
K 个一组翻转链表,递归,链表,None
删除有序数组中的重复项,数组,双指针,None
移除元素,数组,双指针,None
找出字符串中第一个匹配项的下标,双指针,字符串,字符串匹配
两数相除,位运算,数学,None
串联所有单词的子串,哈希表,字符串,滑动窗口
下一个排列,数组,双指针,None
最长有效括号,栈,字符串,动态规划
搜索旋转排序数组,数组,二分查找,None
在排序数组中查找元素的第一个和最后一个位置,数组,二分查找,None
搜索插入位置,数组,二分查找,None
有效的数独,数组,哈希表,矩阵
解数独,数组,哈希表,回溯
外观数列,字符串,None,None
组合总和,数组,回溯,None
组合总和 II,数组,回溯,None
缺失的第一个正数,数组,哈希表,None
接雨水,栈,数组,双指针
字符串相乘,数学,字符串,模拟
通配符匹配,贪心,递归,字符串
跳跃游戏 II,贪心,数组,动态规划
全排列,数组,回溯,None
全排列 II,数组,回溯,None
旋转图像,数组,数学,矩阵
字母异位词分组,数组,哈希表,字符串
"Pow(x, n)",递归,数学,None
N 皇后,数组,回溯,None
N 皇后 II,回溯,None,None
最大子数组和,数组,分治,动态规划
螺旋矩阵,数组,矩阵,模拟
跳跃游戏,贪心,数组,动态规划
合并区间,数组,排序,None
插入区间,数组,None,None
最后一个单词的长度,字符串,None,None
螺旋矩阵 II,数组,矩阵,模拟
排列序列,递归,数学,None
旋转链表,链表,双指针,None
不同路径,数学,动态规划,组合数学
不同路径 II,数组,动态规划,矩阵
最小路径和,数组,动态规划,矩阵
有效数字,字符串,None,None
加一,数组,数学,None
二进制求和,位运算,数学,字符串
文本左右对齐,数组,字符串,模拟
x 的平方根 ,数学,二分查找,None
爬楼梯,记忆化搜索,数学,动态规划
简化路径,栈,字符串,None
编辑距离,字符串,动态规划,None
矩阵置零,数组,哈希表,矩阵
搜索二维矩阵,数组,二分查找,矩阵
颜色分类,数组,双指针,排序
最小覆盖子串,哈希表,字符串,滑动窗口
组合,回溯,None,None
子集,位运算,数组,回溯
单词搜索,数组,字符串,回溯
删除有序数组中的重复项 II,数组,双指针,None
搜索旋转排序数组 II,数组,二分查找,None
删除排序链表中的重复元素 II,链表,双指针,None
删除排序链表中的重复元素,链表,None,None
柱状图中最大的矩形,栈,数组,单调栈
最大矩形,栈,数组,动态规划
分隔链表,链表,双指针,None
扰乱字符串,字符串,动态规划,None
合并两个有序数组,数组,双指针,排序
格雷编码,位运算,数学,回溯
子集 II,位运算,数组,回溯
解码方法,字符串,动态规划,None
反转链表 II,链表,None,None
复原 IP 地址,字符串,回溯,None
二叉树的中序遍历,栈,树,深度优先搜索
不同的二叉搜索树 II,树,二叉搜索树,动态规划
不同的二叉搜索树,树,二叉搜索树,数学
交错字符串,字符串,动态规划,None
验证二叉搜索树,树,深度优先搜索,二叉搜索树
恢复二叉搜索树,树,深度优先搜索,二叉搜索树
相同的树,树,深度优先搜索,广度优先搜索
对称二叉树,树,深度优先搜索,广度优先搜索
二叉树的层序遍历,树,广度优先搜索,二叉树
二叉树的锯齿形层序遍历,树,广度优先搜索,二叉树
二叉树的最大深度,树,深度优先搜索,广度优先搜索
从前序与中序遍历序列构造二叉树,树,数组,哈希表
从中序与后序遍历序列构造二叉树,树,数组,哈希表
二叉树的层序遍历 II,树,广度优先搜索,二叉树
将有序数组转换为二叉搜索树,树,二叉搜索树,数组
有序链表转换二叉搜索树,树,二叉搜索树,链表
平衡二叉树,树,深度优先搜索,二叉树
二叉树的最小深度,树,深度优先搜索,广度优先搜索
路径总和,树,深度优先搜索,广度优先搜索
路径总和 II,树,深度优先搜索,回溯
二叉树展开为链表,栈,树,深度优先搜索
不同的子序列,字符串,动态规划,None
填充每个节点的下一个右侧节点指针,树,深度优先搜索,广度优先搜索
填充每个节点的下一个右侧节点指针 II,树,深度优先搜索,广度优先搜索
杨辉三角,数组,动态规划,None
杨辉三角 II,数组,动态规划,None
三角形最小路径和,数组,动态规划,None
买卖股票的最佳时机,数组,动态规划,None
买卖股票的最佳时机 II,贪心,数组,动态规划
买卖股票的最佳时机 III,数组,动态规划,None
二叉树中的最大路径和,树,深度优先搜索,动态规划
验证回文串,双指针,字符串,None
单词接龙 II,广度优先搜索,哈希表,字符串
单词接龙,广度优先搜索,哈希表,字符串
最长连续序列,并查集,数组,哈希表
求根节点到叶节点数字之和,树,深度优先搜索,二叉树
被围绕的区域,深度优先搜索,广度优先搜索,并查集
分割回文串,字符串,动态规划,回溯
分割回文串 II,字符串,动态规划,None
克隆图,深度优先搜索,广度优先搜索,图
加油站,贪心,数组,None
分发糖果,贪心,数组,None
只出现一次的数字,位运算,数组,None
只出现一次的数字 II,位运算,数组,None
随机链表的复制,哈希表,链表,None
单词拆分,字典树,记忆化搜索,数组
单词拆分 II,字典树,记忆化搜索,数组
环形链表,哈希表,链表,双指针
环形链表 II,哈希表,链表,双指针
重排链表,栈,递归,链表
二叉树的前序遍历,栈,树,深度优先搜索
二叉树的后序遍历,栈,树,深度优先搜索
LRU 缓存,设计,哈希表,链表
对链表进行插入排序,链表,排序,None
排序链表,链表,双指针,分治
直线上最多的点数,几何,数组,哈希表
逆波兰表达式求值,栈,数组,数学
反转字符串中的单词,双指针,字符串,None
乘积最大子数组,数组,动态规划,None
寻找旋转排序数组中的最小值,数组,二分查找,None
寻找旋转排序数组中的最小值 II,数组,二分查找,None
最小栈,栈,设计,None
上下翻转二叉树,树,深度优先搜索,二叉树
用 Read4 读取 N 个字符,数组,交互,模拟
用 Read4 读取 N 个字符 II - 多次调用,数组,交互,模拟
至多包含两个不同字符的最长子串,哈希表,字符串,滑动窗口
相交链表,哈希表,链表,双指针
相隔为 1 的编辑距离,双指针,字符串,None
寻找峰值,数组,二分查找,None
缺失的区间,数组,None,None
最大间距,数组,桶排序,基数排序
比较版本号,双指针,字符串,None
分数到小数,哈希表,数学,字符串
两数之和 II - 输入有序数组,数组,双指针,二分查找
Excel表列名称,数学,字符串,None
多数元素,数组,哈希表,分治
两数之和 III - 数据结构设计,设计,数组,哈希表
Excel 表列序号,数学,字符串,None
阶乘后的零,数学,None,None
二叉搜索树迭代器,栈,树,设计
地下城游戏,数组,动态规划,矩阵
组合两个表,数据库,None,None
第二高的薪水,数据库,None,None
第N高的薪水,数据库,None,None
分数排名,数据库,None,None
最大数,贪心,数组,字符串
连续出现的数字,数据库,None,None
超过经理收入的员工,数据库,None,None
查找重复的电子邮箱,数据库,None,None
从不订购的客户,数据库,None,None
部门工资最高的员工,数据库,None,None
部门工资前三高的所有员工,数据库,None,None
反转字符串中的单词 II,双指针,字符串,None
重复的DNA序列,位运算,哈希表,字符串
买卖股票的最佳时机 IV,数组,动态规划,None
轮转数组,数组,数学,双指针
颠倒二进制位,位运算,分治,None
位1的个数,位运算,分治,None
删除重复的电子邮箱,数据库,None,None
上升的温度,数据库,None,None
打家劫舍,数组,动态规划,None
二叉树的右视图,树,深度优先搜索,广度优先搜索
岛屿数量,深度优先搜索,广度优先搜索,并查集
数字范围按位与,位运算,None,None
快乐数,哈希表,数学,双指针
移除链表元素,递归,链表,None
计数质数,数组,数学,枚举
同构字符串,哈希表,字符串,None
反转链表,递归,链表,None
课程表,深度优先搜索,广度优先搜索,图
实现 Trie (前缀树),设计,字典树,哈希表
长度最小的子数组,数组,二分查找,前缀和
课程表 II,深度优先搜索,广度优先搜索,图
添加与搜索单词 - 数据结构设计,深度优先搜索,设计,字典树
单词搜索 II,字典树,数组,字符串
打家劫舍 II,数组,动态规划,None
最短回文串,字符串,字符串匹配,哈希函数
数组中的第K个最大元素,数组,分治,快速选择
组合总和 III,数组,回溯,None
存在重复元素,数组,哈希表,排序
天际线问题,树状数组,线段树,数组
存在重复元素 II,数组,哈希表,滑动窗口
存在重复元素 III,数组,桶排序,有序集合
最大正方形,数组,动态规划,矩阵
完全二叉树的节点个数,位运算,树,二分查找
矩形面积,几何,数学,None
基本计算器,栈,递归,数学
用队列实现栈,栈,设计,队列
翻转二叉树,树,深度优先搜索,广度优先搜索
基本计算器 II,栈,数学,字符串
汇总区间,数组,None,None
多数元素 II,数组,哈希表,计数
二叉搜索树中第K小的元素,树,深度优先搜索,二叉搜索树
2 的幂,位运算,递归,数学
用栈实现队列,栈,设计,队列
数字 1 的个数,递归,数学,动态规划
回文链表,栈,递归,链表
二叉搜索树的最近公共祖先,树,深度优先搜索,二叉搜索树
二叉树的最近公共祖先,树,深度优先搜索,二叉树
删除链表中的节点,链表,None,None
除自身以外数组的乘积,数组,前缀和,None
滑动窗口最大值,队列,数组,滑动窗口
搜索二维矩阵 II,数组,二分查找,分治
为运算表达式设计优先级,递归,记忆化搜索,数学
有效的字母异位词,哈希表,字符串,排序
最短单词距离,数组,字符串,None
最短单词距离 II,设计,数组,哈希表
最短单词距离 III,数组,字符串,None
中心对称数,哈希表,双指针,字符串
中心对称数 II,递归,数组,字符串
中心对称数 III,递归,数组,字符串
移位字符串分组,数组,哈希表,字符串
统计同值子树,树,深度优先搜索,二叉树
展开二维向量,设计,数组,双指针
会议室,数组,排序,None
会议室 II,贪心,数组,双指针
因子的组合,回溯,None,None
验证二叉搜索树的前序遍历序列,栈,树,二叉搜索树
粉刷房子,数组,动态规划,None
二叉树的所有路径,树,深度优先搜索,字符串
各位相加,数学,数论,模拟
较小的三数之和,数组,双指针,二分查找
只出现一次的数字 III,位运算,数组,None
以图判树,深度优先搜索,广度优先搜索,并查集
行程和用户,数据库,None,None
丑数,数学,None,None
丑数 II,哈希表,数学,动态规划
粉刷房子 II,数组,动态规划,None
回文排列,位运算,哈希表,字符串
回文排列 II,哈希表,字符串,回溯
丢失的数字,位运算,数组,哈希表
火星词典,深度优先搜索,广度优先搜索,图
最接近的二叉搜索树值,树,深度优先搜索,二叉搜索树
字符串的编码与解码,设计,数组,字符串
最接近的二叉搜索树值 II,栈,树,深度优先搜索
整数转换英文表示,递归,数学,字符串
H 指数,数组,计数排序,排序
H 指数 II,数组,二分查找,None
栅栏涂色,动态规划,None,None
搜寻名人,图,双指针,交互
第一个错误的版本,二分查找,交互,None
完全平方数,广度优先搜索,数学,动态规划
摆动排序,贪心,数组,排序
锯齿迭代器,设计,队列,数组
给表达式添加运算符,数学,字符串,回溯
移动零,数组,双指针,None
窥视迭代器,设计,数组,迭代器
二叉搜索树中的中序后继,树,深度优先搜索,二叉搜索树
墙与门,广度优先搜索,数组,矩阵
寻找重复数,位运算,数组,双指针
单词的唯一缩写,设计,数组,哈希表
生命游戏,数组,矩阵,模拟
单词规律,哈希表,字符串,None
单词规律 II,哈希表,字符串,回溯
Nim 游戏,脑筋急转弯,数学,博弈
翻转游戏,字符串,None,None
翻转游戏 II,记忆化搜索,数学,动态规划
数据流的中位数,设计,双指针,数据流
最佳的碰头地点,数组,数学,矩阵
二叉树的序列化与反序列化,树,深度优先搜索,广度优先搜索
二叉树最长连续序列,树,深度优先搜索,二叉树
猜数字游戏,哈希表,字符串,计数
最长递增子序列,数组,二分查找,动态规划
删除无效的括号,广度优先搜索,字符串,回溯
包含全部黑色像素的最小矩形,深度优先搜索,广度优先搜索,数组
区域和检索 - 数组不可变,设计,数组,前缀和
二维区域和检索 - 矩阵不可变,设计,数组,矩阵
岛屿数量 II,并查集,数组,None
累加数,字符串,回溯,None
区域和检索 - 数组可修改,设计,树状数组,线段树
二维区域和检索 - 可变,设计,树状数组,线段树
买卖股票的最佳时机含冷冻期,数组,动态规划,None
最小高度树,深度优先搜索,广度优先搜索,图
稀疏矩阵的乘法,数组,哈希表,矩阵
戳气球,数组,动态规划,None
超级丑数,数组,数学,动态规划
二叉树的垂直遍历,树,深度优先搜索,广度优先搜索
计算右侧小于当前元素的个数,树状数组,线段树,数组
去除重复字母,栈,贪心,字符串
离建筑物最近的距离,广度优先搜索,数组,矩阵
最大单词长度乘积,位运算,数组,字符串
灯泡开关,脑筋急转弯,数学,None
列举单词的全部缩写,位运算,字符串,回溯
拼接最大数,栈,贪心,数组
零钱兑换,广度优先搜索,数组,动态规划
无向图中连通分量的数目,深度优先搜索,广度优先搜索,并查集
摆动排序 II,数组,分治,快速选择
和等于 k 的最长子数组长度,数组,哈希表,前缀和
3 的幂,递归,数学,None
区间和的个数,树状数组,线段树,数组
奇偶链表,链表,None,None
矩阵中的最长递增路径,深度优先搜索,广度优先搜索,图
按要求补齐数组,贪心,数组,None
验证二叉树的前序序列化,栈,树,字符串
重新安排行程,深度优先搜索,图,欧拉回路
最大二叉搜索子树,树,深度优先搜索,二叉搜索树
递增的三元子序列,贪心,数组,None
路径交叉,几何,数组,数学
回文对,字典树,数组,哈希表
打家劫舍 III,树,深度优先搜索,动态规划
比特位计数,位运算,动态规划,None
嵌套列表加权和,深度优先搜索,广度优先搜索,None
至多包含 K 个不同字符的最长子串,哈希表,字符串,滑动窗口
扁平化嵌套列表迭代器,栈,树,深度优先搜索
4的幂,位运算,递归,数学
整数拆分,数学,动态规划,None
反转字符串,双指针,字符串,None
反转字符串中的元音字母,双指针,字符串,None
数据流中的移动平均值,设计,队列,数组
前 K 个高频元素,数组,哈希表,分治
设计井字棋,设计,数组,哈希表
两个数组的交集,数组,哈希表,双指针
两个数组的交集 II,数组,哈希表,双指针
安卓系统手势解锁,位运算,动态规划,回溯
将数据流变为多个不相交区间,设计,二分查找,有序集合
贪吃蛇,设计,队列,数组
俄罗斯套娃信封问题,数组,二分查找,动态规划
设计推特,设计,哈希表,链表
直线镜像,数组,哈希表,数学
统计各位数字都不同的数字个数,数学,动态规划,回溯
K 距离间隔重排字符串,贪心,哈希表,字符串
日志速率限制器,设计,哈希表,数据流
有序转化数组,数组,数学,双指针
轰炸敌人,数组,动态规划,矩阵
敲击计数器,设计,队列,数组
矩形区域不超过 K 的最大数值和,数组,二分查找,矩阵
嵌套列表加权和 II,栈,深度优先搜索,广度优先搜索
水壶问题,深度优先搜索,广度优先搜索,数学
寻找二叉树的叶子节点,树,深度优先搜索,二叉树
有效的完全平方数,数学,二分查找,None
最大整除子集,数组,数学,动态规划
给单链表加一,链表,数学,None
区间加法,数组,前缀和,None
两整数之和,位运算,数学,None
超级次方,数学,分治,None
查找和最小的 K 对数字,数组,堆（优先队列）,None
猜数字大小,二分查找,交互,None
猜数字大小 II,数学,动态规划,博弈
摆动序列,贪心,数组,动态规划
组合总和 Ⅳ,数组,动态规划,None
有序矩阵中第 K 小的元素,数组,二分查找,矩阵
电话目录管理系统,设计,队列,数组
O(1) 时间插入、删除和获取随机元素,设计,数组,哈希表
O(1) 时间插入、删除和获取随机元素 - 允许重复,设计,数组,哈希表
链表随机节点,水塘抽样,链表,数学
赎金信,哈希表,字符串,计数
打乱数组,数组,数学,随机化
迷你语法分析器,栈,深度优先搜索,字符串
字典序排数,深度优先搜索,字典树,None
字符串中的第一个唯一字符,队列,哈希表,字符串
文件的最长绝对路径,栈,深度优先搜索,字符串
找不同,位运算,哈希表,字符串
消除游戏,递归,数学,None
完美矩形,数组,扫描线,None
判断子序列,双指针,字符串,动态规划
UTF-8 编码验证,位运算,数组,None
字符串解码,栈,递归,字符串
至少有 K 个重复字符的最长子串,哈希表,字符串,分治
旋转函数,数组,数学,动态规划
整数替换,贪心,位运算,记忆化搜索
随机数索引,水塘抽样,哈希表,数学
除法求值,深度优先搜索,广度优先搜索,并查集
第 N 位数字,数学,二分查找,None
二进制手表,位运算,回溯,None
移掉 K 位数字,栈,贪心,字符串
青蛙过河,数组,动态规划,None
左叶子之和,树,深度优先搜索,广度优先搜索
数字转换为十六进制数,位运算,数学,None
根据身高重建队列,树状数组,线段树,数组
接雨水 II,广度优先搜索,数组,矩阵
有效单词缩写,双指针,字符串,None
最长回文串,贪心,哈希表,字符串
分割数组的最大值,贪心,数组,二分查找
最短独占单词缩写,位运算,字符串,回溯
Fizz Buzz,数学,字符串,模拟
等差数列划分,数组,动态规划,None
第三大的数,数组,排序,None
字符串相加,数学,字符串,模拟
分割等和子集,数组,动态规划,None
太平洋大西洋水流问题,深度优先搜索,广度优先搜索,数组
屏幕可显示句子的数量,数组,字符串,动态规划
甲板上的战舰,深度优先搜索,数组,矩阵
强密码检验器,贪心,字符串,堆（优先队列）
数组中两个数的最大异或值,位运算,字典树,数组
有效的单词方块,数组,矩阵,None
从英文中重建数字,哈希表,数学,字符串
替换后的最长重复字符,哈希表,字符串,滑动窗口
单词方块,字典树,数组,字符串
全 O(1) 的数据结构,设计,哈希表,链表
最小基因变化,广度优先搜索,哈希表,字符串
字符串中的单词数,字符串,None,None
无重叠区间,贪心,数组,动态规划
寻找右区间,数组,二分查找,排序
路径总和 III,树,深度优先搜索,二叉树
找到字符串中所有字母异位词,哈希表,字符串,滑动窗口
三元表达式解析器,栈,递归,字符串
字典序的第K小数字,字典树,None,None
排列硬币,数学,二分查找,None
数组中重复的数据,数组,哈希表,None
压缩字符串,双指针,字符串,None
序列重建,图,拓扑排序,数组
两数相加 II,栈,链表,数学
等差数列划分 II - 子序列,数组,动态规划,None
回旋镖的数量,数组,哈希表,数学
找到所有数组中消失的数字,数组,哈希表,None
序列化和反序列化二叉搜索树,树,深度优先搜索,广度优先搜索
删除二叉搜索树中的节点,树,二叉搜索树,二叉树
根据字符出现频率排序,哈希表,字符串,桶排序
用最少数量的箭引爆气球,贪心,数组,排序
最小操作次数使数组元素相等,数组,数学,None
四数相加 II,数组,哈希表,None
分发饼干,贪心,数组,双指针
132 模式,栈,数组,二分查找
环形数组是否存在循环,数组,哈希表,双指针
可怜的小猪,数学,动态规划,组合数学
重复的子字符串,字符串,字符串匹配,None
LFU 缓存,设计,哈希表,链表
汉明距离,位运算,None,None
最小操作次数使数组元素相等 II,数组,数学,排序
岛屿的周长,深度优先搜索,广度优先搜索,数组
我能赢吗,位运算,记忆化搜索,数学
最优账单平衡,位运算,数组,动态规划
统计重复个数,字符串,动态规划,None
环绕字符串中唯一的子字符串,字符串,动态规划,None
验证IP地址,字符串,None,None
凸多边形,几何,数学,None
编码最短长度的字符串,字符串,动态规划,None
连接词,深度优先搜索,字典树,数组
火柴拼正方形,位运算,数组,动态规划
一和零,数组,字符串,动态规划
供暖器,数组,双指针,二分查找
数字的补数,位运算,None,None
汉明距离总和,位运算,数组,数学
最大回文数乘积,数学,None,None
滑动窗口中位数,数组,哈希表,滑动窗口
神奇字符串,双指针,字符串,None
密钥格式化,字符串,None,None
最小好进制,数学,二分查找,None
寻找排列,栈,贪心,数组
最大连续 1 的个数,数组,None,None
预测赢家,递归,数组,数学
最大连续1的个数 II,数组,动态规划,滑动窗口
祖玛游戏,栈,广度优先搜索,记忆化搜索
第 K 条最小指令,数组,数学,动态规划
迷宫,深度优先搜索,广度优先搜索,数组
非递减子序列,位运算,数组,哈希表
构造矩形,数学,None,None
翻转对,树状数组,线段树,数组
目标和,数组,动态规划,回溯
提莫攻击,数组,模拟,None
下一个更大元素 I,栈,数组,哈希表
对角线遍历,数组,矩阵,模拟
迷宫 III,深度优先搜索,广度优先搜索,图
键盘行,数组,哈希表,字符串
二叉搜索树中的众数,树,深度优先搜索,二叉搜索树
IPO,贪心,数组,排序
下一个更大元素 II,栈,数组,单调栈
七进制数,数学,None,None
迷宫 II,深度优先搜索,广度优先搜索,图
相对名次,数组,排序,堆（优先队列）
完美数,数学,None,None
出现次数最多的子树元素和,树,深度优先搜索,哈希表
二叉搜索树中的中序后继 II,树,二叉搜索树,二叉树
1 比 0 多的子数组个数,树状数组,线段树,数组
从始点到终点的所有路径,深度优先搜索,图,None
最大交替子数组和,数组,动态规划,None
找树左下角的值,树,深度优先搜索,广度优先搜索
自由之路,深度优先搜索,广度优先搜索,字符串
在每个树行中找最大值,树,深度优先搜索,广度优先搜索
最长回文子序列,字符串,动态规划,None
超级洗衣机,贪心,数组,None
零钱兑换 II,数组,动态规划,None
范围和相等的最宽索引对,数组,哈希表,前缀和
检测大写字母,字符串,None,None
最长特殊序列 Ⅰ,字符串,None,None
最长特殊序列 II,数组,哈希表,双指针
连续的子数组和,数组,哈希表,数学
通过删除字母匹配到字典里最长单词,数组,双指针,字符串
连续数组,数组,哈希表,前缀和
优美的排列,位运算,数组,动态规划
单词缩写,贪心,字典树,数组
交换链表中的节点,链表,双指针,None
扫雷游戏,深度优先搜索,广度优先搜索,数组
二叉搜索树的最小绝对差,树,深度优先搜索,广度优先搜索
孤独像素 I,数组,哈希表,矩阵
数组中的 k-diff 数对,数组,哈希表,双指针
孤独像素 II,数组,哈希表,矩阵
TinyURL 的加密与解密,设计,哈希表,字符串
从字符串生成二叉树,树,深度优先搜索,字符串
复数乘法,数学,字符串,模拟
把二叉搜索树转换为累加树,树,深度优先搜索,二叉搜索树
最小时间差,数组,数学,字符串
有序数组中的单一元素,数组,二分查找,None
反转字符串 II,双指针,字符串,None
01 矩阵,广度优先搜索,数组,动态规划
二叉树的直径,树,深度优先搜索,二叉树
输出比赛匹配对,递归,字符串,模拟
二叉树的边界,树,深度优先搜索,二叉树
移除盒子,记忆化搜索,数组,动态规划
省份数量,深度优先搜索,广度优先搜索,并查集
将数组分割成和相等的子数组,数组,哈希表,前缀和
二叉树最长连续序列 II,树,深度优先搜索,二叉树
获取食物的最短路径,广度优先搜索,数组,矩阵
学生出勤记录 I,字符串,None,None
学生出勤记录 II,动态规划,None,None
最优除法,数组,数学,动态规划
砖墙,数组,哈希表,None
分割连接字符串,贪心,数组,字符串
下一个更大元素 III,数学,双指针,字符串
反转字符串中的单词 III,双指针,字符串,None
和为 K 的子数组,数组,哈希表,前缀和
数组拆分,贪心,数组,计数排序
矩阵中最长的连续1线段,数组,动态规划,矩阵
二叉树的坡度,树,深度优先搜索,二叉树
寻找最近的回文数,数学,字符串,None
数组嵌套,深度优先搜索,数组,None
重塑矩阵,数组,矩阵,模拟
字符串的排列,哈希表,双指针,字符串
最大休假天数,数组,动态规划,矩阵
员工薪水中位数,数据库,None,None
至少有5名直接下属的经理,数据库,None,None
给定数字的频率查询中位数,数据库,None,None
另一棵树的子树,树,深度优先搜索,二叉树
松鼠模拟,数组,数学,None
当选者,数据库,None,None
分糖果,数组,哈希表,None
出界的路径数,动态规划,None,None
员工奖金,数据库,None,None
查询回答率最高的问题,数据库,None,None
查询员工的累计薪水,数据库,None,None
统计各专业学生人数,数据库,None,None
最短无序连续子数组,栈,贪心,数组
杀掉进程,树,深度优先搜索,广度优先搜索
两个字符串的删除操作,字符串,动态规划,None
寻找用户推荐人,数据库,None,None
2016年的投资,数据库,None,None
订单最多的客户,数据库,None,None
安装栅栏,几何,数组,数学
设计内存文件系统,设计,字典树,哈希表
标签验证器,栈,字符串,None
分数加减运算,数学,字符串,模拟
有效的正方形,几何,数学,None
最长和谐子序列,数组,哈希表,计数
大的国家,数据库,None,None
超过5名学生的课,数据库,None,None
好友申请 I：总体通过率,数据库,None,None
区间加法 II,数组,数学,None
两个列表的最小索引总和,数组,哈希表,字符串
不含连续1的非负整数,动态规划,None,None
体育馆的人流量,数据库,None,None
好友申请 II ：谁有最多的好友,数据库,None,None
连续空余座位,数据库,None,None
迭代压缩字符串,设计,数组,字符串
种花问题,贪心,数组,None
根据二叉树创建字符串,树,深度优先搜索,字符串
销售员,数据库,None,None
树节点,数据库,None,None
在系统中查找重复文件,数组,哈希表,字符串
判断三角形,数据库,None,None
有效三角形的个数,贪心,数组,双指针
平面上的最近距离,数据库,None,None
直线上的最近距离,数据库,None,None
二级关注者,数据库,None,None
平均工资：部门与公司比较,数据库,None,None
给字符串添加加粗标签,字典树,数组,哈希表
合并二叉树,树,深度优先搜索,广度优先搜索
学生地理信息报告,数据库,None,None
只出现一次的最大数字,数据库,None,None
有趣的电影,数据库,None,None
任务调度器,贪心,数组,哈希表
在二叉树中增加一行,树,深度优先搜索,广度优先搜索
数组列表中的最大距离,贪心,数组,None
最小因式分解,贪心,数学,None
换座位,数据库,None,None
变更性别,数据库,None,None
三个数的最大乘积,数组,数学,排序
K 个逆序对数组,动态规划,None,None
课程表 III,贪心,数组,排序
设计 Excel 求和公式,图,设计,拓扑排序
最小区间,贪心,数组,哈希表
平方数之和,数学,双指针,二分查找
寻找数组的错位排列,数学,动态规划,None
设计日志存储系统,设计,哈希表,字符串
函数的独占时间,栈,数组,None
二叉树的层平均值,树,深度优先搜索,广度优先搜索
大礼包,位运算,记忆化搜索,数组
解码方法 II,字符串,动态规划,None
求解方程,数学,字符串,模拟
设计搜索自动补全系统,设计,字典树,字符串
子数组最大平均数 I,数组,滑动窗口,None
子数组最大平均数 II,数组,二分查找,前缀和
错误的集合,位运算,数组,哈希表
最长数对链,贪心,数组,动态规划
回文子串,字符串,动态规划,None
单词替换,字典树,数组,哈希表
Dota2 参议院,贪心,队列,字符串
两个键的键盘,数学,动态规划,None
四个键的键盘,数学,动态规划,None
寻找重复的子树,树,深度优先搜索,哈希表
两数之和 IV - 输入二叉搜索树,树,深度优先搜索,广度优先搜索
最大二叉树,栈,树,数组
输出二叉树,树,深度优先搜索,广度优先搜索
金币路径,数组,动态规划,None
机器人能否返回原点,字符串,模拟,None
找到 K 个最接近的元素,数组,双指针,二分查找
分割数组为连续子序列,贪心,数组,哈希表
移除 9,数学,None,None
图片平滑器,数组,矩阵,None
二叉树最大宽度,树,深度优先搜索,广度优先搜索
均匀树划分,树,深度优先搜索,二叉树
奇怪的打印机,字符串,动态规划,None
非递减数列,数组,None,None
路径总和 IV,树,深度优先搜索,数组
优美的排列 II,数组,数学,None
乘法表中第k小的数,数学,二分查找,None
修剪二叉搜索树,树,深度优先搜索,二叉搜索树
最大交换,贪心,数学,None
二叉树中第二小的节点,树,深度优先搜索,二叉树
灯泡开关 Ⅱ,位运算,深度优先搜索,广度优先搜索
最长递增子序列的个数,树状数组,线段树,数组
最长连续递增序列,数组,None,None
为高尔夫比赛砍树,广度优先搜索,数组,矩阵
实现一个魔法字典,深度优先搜索,设计,字典树
键值映射,设计,字典树,哈希表
有效的括号字符串,栈,贪心,字符串
24 点游戏,数组,数学,回溯
验证回文串 II,贪心,双指针,字符串
最近时刻,哈希表,字符串,回溯
棒球比赛,栈,数组,模拟
K 个关闭的灯泡,树状数组,数组,有序集合
冗余连接,深度优先搜索,广度优先搜索,并查集
冗余连接 II,深度优先搜索,广度优先搜索,并查集
重复叠加字符串匹配,字符串,字符串匹配,None
最长同值路径,树,深度优先搜索,二叉树
骑士在棋盘上的概率,动态规划,None,None
三个无重叠子数组的最大和,数组,动态规划,None
员工的重要性,树,深度优先搜索,广度优先搜索
贴纸拼词,位运算,数组,字符串
前K个高频单词,字典树,哈希表,字符串
交替位二进制数,位运算,None,None
不同岛屿的数量,深度优先搜索,广度优先搜索,并查集
岛屿的最大面积,深度优先搜索,广度优先搜索,并查集
计数二进制子串,双指针,字符串,None
数组的度,数组,哈希表,None
划分为k个相等的子集,位运算,记忆化搜索,数组
掉落的方块,线段树,数组,有序集合
不同岛屿的数量 II,深度优先搜索,广度优先搜索,并查集
两个字符串的最小ASCII删除和,字符串,动态规划,None
乘积小于 K 的子数组,数组,滑动窗口,None
买卖股票的最佳时机含手续费,贪心,数组,动态规划
Range 模块,设计,线段树,有序集合
最大栈,栈,设计,链表
1 比特与 2 比特字符,数组,None,None
最长重复子数组,数组,二分查找,动态规划
找出第 K 小的数对距离,数组,双指针,二分查找
词典中最长的单词,字典树,数组,哈希表
账户合并,深度优先搜索,广度优先搜索,并查集
删除注释,数组,字符串,None
粉碎糖果,数组,双指针,矩阵
寻找数组的中心下标,数组,前缀和,None
分隔链表,链表,None,None
原子的数量,栈,哈希表,字符串
最小窗口子序列,字符串,动态规划,滑动窗口
自除数,数学,None,None
我的日程安排表 I,设计,线段树,二分查找
统计不同回文子序列,字符串,动态规划,None
我的日程安排表 II,设计,线段树,二分查找
我的日程安排表 III,设计,线段树,二分查找
图像渲染,深度优先搜索,广度优先搜索,数组
句子相似性,数组,哈希表,字符串
小行星碰撞,栈,数组,模拟
Lisp 语法解析,栈,递归,哈希表
句子相似性 II,深度优先搜索,广度优先搜索,并查集
单调递增的数字,贪心,数学,None
每日温度,栈,数组,单调栈
删除并获得点数,数组,哈希表,动态规划
摘樱桃,数组,动态规划,矩阵
转换成小写字母,字符串,None,None
二叉树最近的叶节点,树,深度优先搜索,广度优先搜索
网络延迟时间,深度优先搜索,广度优先搜索,图
寻找比目标字母大的最小字母,数组,二分查找,None
前缀和后缀搜索,设计,字典树,哈希表
使用最小花费爬楼梯,数组,动态规划,None
至少是其他数字两倍的最大数,数组,排序,None
最短补全词,数组,哈希表,字符串
隔离病毒,深度优先搜索,广度优先搜索,数组
角矩形的数量,数组,数学,动态规划
IP 到 CIDR,位运算,字符串,None
打开转盘锁,广度优先搜索,数组,哈希表
破解保险箱,深度优先搜索,图,欧拉回路
到达终点数字,数学,二分查找,None
倒水,数组,模拟,None
金字塔转换矩阵,位运算,深度优先搜索,广度优先搜索
将二叉搜索树转化为排序的双向链表,栈,树,深度优先搜索
设置交集大小至少为2,贪心,数组,排序
字符串中的加粗单词,字典树,数组,哈希表
员工空闲时间,数组,排序,堆（优先队列）
找出变位映射,数组,哈希表,None
特殊的二进制序列,递归,字符串,None
N 叉树的层序遍历,树,广度优先搜索,None
序列化和反序列化 N 叉树,树,深度优先搜索,广度优先搜索
扁平化多级双向链表,深度优先搜索,链表,双向链表
二进制表示中质数个计算置位,位运算,数学,None
划分字母区间,贪心,哈希表,双指针
最大加号标志,数组,动态规划,None
情侣牵手,贪心,深度优先搜索,广度优先搜索
将 N 叉树编码为二叉树,树,深度优先搜索,广度优先搜索
建立四叉树,树,数组,分治
四叉树交集,树,分治,None
N 叉树的最大深度,树,深度优先搜索,广度优先搜索
N 叉树的前序遍历,栈,树,深度优先搜索
N 叉树的后序遍历,栈,树,深度优先搜索
托普利茨矩阵,数组,矩阵,None
重构字符串,贪心,哈希表,字符串
最多能完成排序的块 II,栈,贪心,数组
最多能完成排序的块,栈,贪心,数组
基本计算器 IV,栈,递归,哈希表
宝石与石头,哈希表,字符串,None
二叉搜索树中的搜索,树,二叉搜索树,二叉树
二叉搜索树中的插入操作,树,二叉搜索树,二叉树
基本计算器 III,栈,递归,数学
搜索长度未知的有序数组,数组,二分查找,交互
滑动谜题,广度优先搜索,数组,矩阵
最小化去加油站的最大距离,数组,二分查找,None
数据流中的第 K 大元素,树,设计,二叉搜索树
全局倒置与局部倒置,数组,数学,None
拆分二叉搜索树,树,二叉搜索树,递归
二分查找,数组,二分查找,None
在LR字符串中交换相邻字符,双指针,字符串,None
水位上升的泳池中游泳,深度优先搜索,广度优先搜索,并查集
第K个语法符号,位运算,递归,数学
到达终点,数学,None,None
森林中的兔子,贪心,数组,哈希表
变为棋盘,位运算,数组,数学
二叉搜索树节点最小距离,树,深度优先搜索,广度优先搜索
字母大小写全排列,位运算,字符串,回溯
判断二分图,深度优先搜索,广度优先搜索,并查集
第 K 个最小的质数分数,数组,双指针,二分查找
K 站中转内最便宜的航班,深度优先搜索,广度优先搜索,图
旋转数字,数学,动态规划,None
逃脱阻碍者,数组,数学,None
多米诺和托米诺平铺,动态规划,None,None
自定义字符串排序,哈希表,字符串,排序
匹配子序列的单词数,字典树,数组,哈希表
阶乘函数后 K 个零,数学,二分查找,None
有效的井字游戏,数组,矩阵,None
区间子数组个数,数组,双指针,None
旋转字符串,字符串,字符串匹配,None
所有可能的路径,深度优先搜索,广度优先搜索,图
得分最高的最小轮调,数组,前缀和,None
香槟塔,动态规划,None,None
设计哈希集合,设计,数组,哈希表
设计哈希映射,设计,数组,哈希表
相似 RGB 颜色,数学,字符串,枚举
使序列递增的最小交换次数,数组,动态规划,None
找到最终的安全状态,深度优先搜索,广度优先搜索,图
打砖块,并查集,数组,矩阵
唯一摩尔斯密码词,数组,哈希表,字符串
数组的均值分割,位运算,数组,数学
写字符串需要的行数,数组,字符串,None
保持城市天际线,贪心,数组,矩阵
分汤,数学,动态规划,概率与统计
情感丰富的文字,数组,双指针,字符串
黑板异或游戏,位运算,脑筋急转弯,数组
子域名访问计数,数组,哈希表,字符串
最大三角形面积,几何,数组,数学
最大平均值和的分组,数组,动态规划,前缀和
二叉树剪枝,树,深度优先搜索,二叉树
公交路线,广度优先搜索,数组,哈希表
模糊坐标,字符串,回溯,枚举
链表组件,数组,哈希表,链表
赛车,动态规划,None,None
最常见的单词,数组,哈希表,字符串
设计链表,设计,链表,None
单词的压缩编码,字典树,数组,哈希表
字符的最短距离,数组,双指针,字符串
翻转卡片游戏,数组,哈希表,None
带因子的二叉树,数组,哈希表,动态规划
循环有序列表的插入,链表,None,None
山羊拉丁文,字符串,None,None
适龄的朋友,数组,双指针,二分查找
安排工作以达到最大收益,贪心,数组,双指针
最大人工岛,深度优先搜索,广度优先搜索,并查集
统计子串中的唯一字符,哈希表,字符串,动态规划
连续整数求和,数学,枚举,None
较大分组的位置,字符串,None,None
隐藏个人信息,字符串,None,None
设计循环双端队列,设计,队列,数组
设计循环队列,设计,队列,数组
翻转图像,位运算,数组,双指针
字符串中的查找与替换,数组,字符串,排序
树中距离之和,树,深度优先搜索,图
图像重叠,数组,矩阵,None
扫地机器人,回溯,交互,None
矩形重叠,几何,数学,None
新 21 点,数学,动态规划,滑动窗口
推多米诺,双指针,字符串,动态规划
相似字符串组,深度优先搜索,广度优先搜索,并查集
矩阵中的幻方,数组,哈希表,数学
钥匙和房间,深度优先搜索,广度优先搜索,图
将数组拆分成斐波那契序列,字符串,回溯,None
猜猜这个单词,数组,数学,字符串
比较含退格的字符串,栈,双指针,字符串
数组中的最长山脉,数组,双指针,动态规划
一手顺子,贪心,数组,哈希表
访问所有节点的最短路径,位运算,广度优先搜索,图
字母移位,数组,字符串,前缀和
到最近的人的最大距离,数组,None,None
矩形面积 II,线段树,数组,有序集合
喧闹和富有,深度优先搜索,图,拓扑排序
山脉数组的峰顶索引,数组,二分查找,None
车队,栈,数组,排序
相似度为 K 的字符串,广度优先搜索,字符串,None
考场就座,设计,有序集合,堆（优先队列）
括号的分数,栈,字符串,None
雇佣 K 名工人的最低成本,贪心,数组,排序
镜面反射,几何,数学,数论
亲密字符串,哈希表,字符串,None
柠檬水找零,贪心,数组,None
翻转矩阵后的得分,贪心,位运算,数组
和至少为 K 的最短子数组,队列,数组,二分查找
二叉树中所有距离为 K 的结点,树,深度优先搜索,广度优先搜索
黑名单中的随机数,数组,哈希表,数学
获取所有钥匙的最短路径,位运算,广度优先搜索,数组
具有所有最深节点的最小子树,树,深度优先搜索,广度优先搜索
回文质数,数学,数论,None
转置矩阵,数组,矩阵,模拟
二进制间距,位运算,None,None
重新排序得到 2 的幂,哈希表,数学,计数
优势洗牌,贪心,数组,双指针
最低加油次数,贪心,数组,动态规划
用 Rand7() 实现 Rand10(),数学,拒绝采样,概率与统计
叶子相似的树,树,深度优先搜索,二叉树
最长的斐波那契子序列的长度,数组,哈希表,动态规划
模拟行走机器人,数组,哈希表,模拟
爱吃香蕉的珂珂,数组,二分查找,None
链表的中间结点,链表,双指针,None
石子游戏,数组,数学,动态规划
第 N 个神奇数字,数学,二分查找,None
盈利计划,数组,动态规划,None
按权重随机选择,数组,数学,二分查找
随机翻转矩阵,水塘抽样,哈希表,数学
非重叠矩形中的随机点,水塘抽样,数组,数学
在圆内随机生成点,几何,数学,拒绝采样
索引处的解码字符串,栈,字符串,None
救生艇,贪心,数组,双指针
细分图中的可到达节点,图,最短路,堆（优先队列）
三维形体投影面积,几何,数组,数学
两句话中的不常见单词,哈希表,字符串,None
螺旋矩阵 III,数组,矩阵,模拟
可能的二分法,深度优先搜索,广度优先搜索,并查集
鸡蛋掉落,数学,二分查找,动态规划
公平的糖果交换,数组,哈希表,二分查找
根据前序和后序遍历构造二叉树,树,数组,哈希表
查找和替换模式,数组,哈希表,字符串
子序列宽度之和,数组,数学,排序
三维形体的表面积,几何,数组,数学
特殊等价字符串组,数组,哈希表,字符串
所有可能的真二叉树,树,递归,记忆化搜索
最大频率栈,栈,设计,哈希表
单调数列,数组,None,None
递增顺序搜索树,栈,树,深度优先搜索
子数组按位或操作,位运算,数组,动态规划
有序队列,数学,字符串,排序
RLE 迭代器,设计,数组,计数
股票价格跨度,栈,设计,数据流
最大为 N 的数字组合,数组,数学,字符串
DI 序列的有效排列,字符串,动态规划,前缀和
水果成篮,数组,哈希表,滑动窗口
按奇偶排序数组,数组,双指针,排序
超级回文数,数学,枚举,None
子数组的最小值之和,栈,数组,动态规划
最小差值 I,数组,数学,None
蛇梯棋,广度优先搜索,数组,矩阵
最小差值 II,贪心,数组,数学
在线选举,设计,数组,哈希表
排序数组,数组,分治,桶排序
猫和老鼠,图,拓扑排序,记忆化搜索
卡牌分组,数组,哈希表,数学
分割数组,数组,None,None
单词子集,数组,哈希表,字符串
仅仅反转字母,双指针,字符串,None
环形子数组的最大和,队列,数组,分治
完全二叉树插入器,树,广度优先搜索,设计
播放列表的数量,数学,动态规划,组合数学
使括号有效的最少添加,栈,贪心,字符串
按奇偶排序数组 II,数组,双指针,排序
三数之和的多种可能,数组,哈希表,双指针
尽量减少恶意软件的传播,深度优先搜索,广度优先搜索,并查集
长按键入,双指针,字符串,None
将字符串翻转到单调递增,字符串,动态规划,None
三等分,数组,数学,None
尽量减少恶意软件的传播 II,深度优先搜索,广度优先搜索,并查集
独特的电子邮件地址,数组,哈希表,字符串
和相同的二元子数组,数组,哈希表,前缀和
下降路径最小和,数组,动态规划,矩阵
漂亮数组,数组,数学,分治
最近的请求次数,设计,队列,数据流
最短的桥,深度优先搜索,广度优先搜索,数组
骑士拨号器,动态规划,None,None
戳印序列,栈,贪心,队列
重新排列日志文件,数组,字符串,排序
二叉搜索树的范围和,树,深度优先搜索,二叉搜索树
最小面积矩形,几何,数组,哈希表
不同的子序列 II,字符串,动态规划,None
有效的山脉数组,数组,None,None
增减字符串匹配,贪心,数组,双指针
最短超级串,位运算,数组,字符串
删列造序,数组,字符串,None
使数组唯一的最小增量,贪心,数组,计数
验证栈序列,栈,数组,模拟
移除最多的同行或同列石头,深度优先搜索,并查集,图
令牌放置,贪心,数组,双指针
给定数字能组成的最大时间,数组,字符串,枚举
按递增顺序显示卡牌,队列,数组,排序
翻转等价二叉树,树,深度优先搜索,二叉树
按公因数计算最大组件大小,并查集,数组,哈希表
验证外星语词典,数组,哈希表,字符串
二倍数对数组,贪心,数组,哈希表
删列造序 II,贪心,数组,字符串
最高的广告牌,数组,动态规划,None
N 天后的牢房,位运算,数组,哈希表
二叉树的完全性检验,树,广度优先搜索,二叉树
由斜杠划分区域,深度优先搜索,广度优先搜索,并查集
删列造序 III,数组,字符串,动态规划
在长度 2N 的数组中找出重复 N 次的元素,数组,哈希表,None
最大宽度坡,栈,数组,单调栈
最小面积矩形 II,几何,数组,数学
表示数字的最少运算符,记忆化搜索,数学,动态规划
单值二叉树,树,深度优先搜索,广度优先搜索
元音拼写检查器,数组,哈希表,字符串
连续差相同的数字,广度优先搜索,回溯,None
监控二叉树,树,深度优先搜索,动态规划
煎饼排序,贪心,数组,双指针
强整数,哈希表,数学,枚举
翻转二叉树以匹配先序遍历,树,深度优先搜索,二叉树
相等的有理数,数学,字符串,None
斐波那契数,递归,记忆化搜索,数学
最接近原点的 K 个点,几何,数组,数学
和可被 K 整除的子数组,数组,哈希表,前缀和
奇偶跳,栈,数组,动态规划
三角形的最大周长,贪心,数组,数学
有序数组的平方,数组,双指针,排序
最长湍流子数组,数组,动态规划,滑动窗口
在二叉树中分配硬币,树,深度优先搜索,二叉树
不同路径 III,位运算,数组,回溯
基于时间的键值存储,设计,哈希表,字符串
按位与为零的三元组,位运算,数组,哈希表
最低票价,数组,动态规划,None
不含 AAA 或 BBB 的字符串,贪心,字符串,None
查询后的偶数和,数组,模拟,None
区间列表的交集,数组,双指针,None
二叉树的垂序遍历,树,深度优先搜索,广度优先搜索
从叶结点开始的最小字符串,树,深度优先搜索,字符串
数组形式的整数加法,数组,数学,None
等式方程的可满足性,并查集,图,数组
坏了的计算器,贪心,数学,None
K 个不同整数的子数组,数组,哈希表,计数
二叉树的堂兄弟节点,树,深度优先搜索,广度优先搜索
腐烂的橘子,广度优先搜索,数组,矩阵
K 连续位的最小翻转次数,位运算,队列,数组
正方形数组的数目,位运算,数组,数学
找到小镇的法官,图,数组,哈希表
最大二叉树 II,树,二叉树,None
可以被一步捕获的棋子数,数组,矩阵,模拟
合并石头的最低成本,数组,动态规划,前缀和
网格照明,数组,哈希表,None
查找共用字符,数组,哈希表,字符串
检查替换后的词是否有效,栈,字符串,None
最大连续1的个数 III,数组,二分查找,前缀和
K 次取反后最大化的数组和,贪心,数组,排序
笨阶乘,栈,数学,模拟
行相等的最少多米诺旋转,贪心,数组,None
前序遍历构造二叉搜索树,栈,树,二叉搜索树
形成字符串的最短路径,贪心,双指针,字符串
校园自行车分配,贪心,数组,排序
最小化舍入误差以满足目标,贪心,数组,数学
十进制整数的反码,位运算,None,None
总持续时间可被 60 整除的歌曲,数组,哈希表,计数
在 D 天内送达包裹的能力,数组,二分查找,None
至少有 1 位重复的数字,数学,动态规划,None
按字典序排列最小的等效字符串,并查集,字符串,None
有序数组中的缺失元素,数组,二分查找,None
最长重复子串,字符串,二分查找,动态规划
有效子数组的数目,栈,数组,单调栈
将数组分成和相等的三个部分,贪心,数组,None
最佳观光组合,数组,动态规划,None
可被 K 整除的最小整数,哈希表,数学,None
子串能表示从 1 到 N 数字的二进制串,字符串,None,None
不动点,数组,二分查找,None
校园自行车分配 II,位运算,数组,动态规划
范围内的数字计数,数学,动态规划,None
易混淆数,数学,None,None
负二进制转换,数学,None,None
可被 5 整除的二进制前缀,位运算,数组,None
链表中的下一个更大节点,栈,数组,链表
飞地的数量,深度优先搜索,广度优先搜索,并查集
前五科的均分,数组,哈希表,排序
字符串的索引对,字典树,数组,字符串
花括号展开,广度优先搜索,字符串,回溯
易混淆数 II,数学,回溯,None
删除最外层的括号,栈,字符串,None
从根到叶的二进制数之和,树,深度优先搜索,二叉树
驼峰式匹配,字典树,数组,双指针
视频拼接,贪心,数组,动态规划
最小元素各数位之和,数组,数学,None
小于 K 的两数之和,数组,双指针,二分查找
长度为 K 的无重复字符子串,哈希表,字符串,滑动窗口
彼此熟识的最早时间,并查集,数组,排序
除数博弈,脑筋急转弯,数学,动态规划
最长等差数列,数组,哈希表,二分查找
一月有多少天,数学,None,None
删去字符串中的元音,字符串,None,None
阿姆斯特朗数,数学,None,None
子树的最大平均值,树,深度优先搜索,二叉树
节点与其祖先之间的最大差值,树,深度优先搜索,二叉树
从先序遍历还原二叉树,树,深度优先搜索,字符串
距离顺序排列矩阵单元格,几何,数组,数学
两地调度,贪心,数组,排序
两个非重叠子数组的最大和,数组,动态规划,滑动窗口
字符流,设计,字典树,数组
最大唯一数,数组,哈希表,排序
得分最高的路径,深度优先搜索,广度优先搜索,并查集
最低成本连通所有城市,并查集,图,最小生成树
并行课程,图,拓扑排序,None
检查一个数是否在数组中占绝大多数,数组,二分查找,None
移动石子直到连续,脑筋急转弯,数学,None
边界着色,深度优先搜索,广度优先搜索,数组
不相交的线,数组,动态规划,None
逃离大迷宫,深度优先搜索,广度优先搜索,数组
最少交换次数来组合所有的 1,数组,滑动窗口,None
用户网站访问行为分析,数组,哈希表,排序
多边形三角剖分的最低得分,数组,动态规划,None
拼写单词,数组,哈希表,字符串
移动石子直到连续 II,数组,数学,双指针
从二叉搜索树到更大和树,树,深度优先搜索,二叉搜索树
有效的回旋镖,几何,数组,数学
最大层内元素和,树,深度优先搜索,广度优先搜索
地图分析,广度优先搜索,数组,动态规划
将数组分成几个递增序列,数组,计数,None
困于环中的机器人,数学,字符串,模拟
不邻接植花,深度优先搜索,广度优先搜索,图
分隔数组以得到最大和,数组,动态规划,None
最长重复子串,字符串,二分查找,后缀数组
单行键盘,哈希表,字符串,None
字符串转化,哈希表,字符串,None
设计文件系统,设计,字典树,哈希表
连接木棍的最低费用,贪心,数组,堆（优先队列）
最后一块石头的重量,数组,堆（优先队列）,None
删除字符串中的所有相邻重复项,栈,字符串,None
最长字符串链,数组,哈希表,双指针
最后一块石头的重量 II,数组,动态规划,None
统计只含单一字母的子串,数学,字符串,None
前后拼接,数组,哈希表,字符串
按字典序排在最后的子串,双指针,字符串,None
与目标颜色间的最短距离,数组,二分查找,动态规划
买下所有产品的客户,数据库,None,None
合作过至少三次的演员和导演,数据库,None,None
高度检查器,数组,计数排序,排序
爱生气的书店老板,数组,滑动窗口,None
交换一次的先前排列,贪心,数组,None
距离相等的条形码,贪心,数组,哈希表
最多可以买到的苹果数量,贪心,数组,排序
进击的骑士,广度优先搜索,None,None
找出所有行中最小公共元素,数组,哈希表,二分查找
水资源分配优化,并查集,图,最小生成树
元素和为目标值的子矩阵数量,数组,哈希表,矩阵
字符串的最大公因子,数学,字符串,None
按列翻转得到最大值等行数,数组,哈希表,矩阵
负二进制数相加,数组,数学,None
三个有序数组的交集,数组,哈希表,二分查找
查找两棵二叉搜索树之和,栈,树,深度优先搜索
步进数,广度优先搜索,回溯,None
矩阵中 1 的最大数量,贪心,堆（优先队列）,None
产品销售分析 I,数据库,None,None
产品销售分析 II,数据库,None,None
产品销售分析 III,数据库,None,None
Bigram 分词,字符串,None,None
根到叶路径上的不足节点,树,深度优先搜索,二叉树
不同字符的最小子序列,栈,贪心,字符串
活字印刷,哈希表,字符串,回溯
项目员工 I,数据库,None,None
项目员工II,数据库,None,None
项目员工 III,数据库,None,None
等差数列中缺失的数字,数组,数学,None
安排会议日程,数组,双指针,排序
抛掷硬币,数组,数学,动态规划
建造街区的最短时间,贪心,数组,数学
复写零,数组,双指针,None
受标签影响的最大值,贪心,数组,哈希表
最短公共超序列,字符串,动态规划,None
二进制矩阵中的最短路径,广度优先搜索,数组,矩阵
销售分析 I ,数据库,None,None
销售分析 II,数据库,None,None
销售分析III,数据库,None,None
数组变换,数组,模拟,None
力扣排行榜,设计,哈希表,排序
树的直径,树,深度优先搜索,广度优先搜索
验证回文串 III,字符串,动态规划,None
游戏玩法分析 I,数据库,None,None
游戏玩法分析 II,数据库,None,None
游戏玩法分析 III,数据库,None,None
游戏玩法分析 IV,数据库,None,None
大样本统计,数组,数学,概率与统计
拼车,数组,前缀和,排序
山脉数组中查找目标值,数组,二分查找,交互
H2O 生成,多线程,None,None
交替打印 FooBar,多线程,None,None
花括号展开 II,栈,广度优先搜索,字符串
加密数字,位运算,数学,字符串
最小公共区域,树,深度优先搜索,广度优先搜索
近义词句子,并查集,数组,哈希表
分享巧克力,数组,二分查找,None
游戏玩法分析 V,数据库,None,None
二叉树寻路,树,数学,二叉树
分糖果 II,数学,模拟,None
填充书架,数组,动态规划,None
解析布尔表达式,栈,递归,字符串
小众书籍,数据库,None,None
十六进制魔术数字,数学,字符串,None
删除区间,数组,None,None
删除树节点,树,深度优先搜索,广度优先搜索
删除回文子数组,数组,动态规划,None
按序打印,多线程,None,None
每日新用户统计,数据库,None,None
IP 地址无效化,字符串,None,None
航班预订统计,数组,前缀和,None
删点成林,树,深度优先搜索,数组
有效括号的嵌套深度,栈,字符串,None
设计有限阻塞队列,多线程,None,None
删除某些元素后的数组均值,数组,排序,None
字母组合迭代器,设计,字符串,回溯
顺次数,枚举,None,None
不相交的握手,数学,动态规划,None
每位学生的最高成绩,数据库,None,None
报告的记录,数据库,None,None
打印零与奇偶数,多线程,None,None
数组的相对排序,数组,哈希表,计数排序
最深叶节点的最近公共祖先,树,深度优先搜索,广度优先搜索
表现良好的最长时间段,栈,数组,哈希表
最小的必要团队,位运算,数组,动态规划
有序数组中出现次数超过25%的元素,数组,None,None
删除被覆盖区间,数组,排序,None
带阈值的图连通性,并查集,数组,数学
下降路径最小和  II,数组,动态规划,矩阵
查询活跃业务,数据库,None,None
用户购买平台,数据库,None,None
等价多米诺骨牌对的数量,数组,哈希表,计数
叶值的最小代价生成树,栈,贪心,数组
颜色交替的最短路径,广度优先搜索,图,None
绝对值表达式的最大值,数组,数学,None
将每个元素替换为右侧最大元素,数组,None,None
转变数组后最接近目标值的数组和,数组,二分查找,排序
矩形内船只的数目,数组,分治,交互
最大得分的路径数目,数组,动态规划,矩阵
第 N 个泰波那契数,记忆化搜索,数学,动态规划
报告的记录 II,数据库,None,None
字母板上的路径,哈希表,字符串,None
最大的以 1 为边界的正方形,数组,动态规划,矩阵
石子游戏 II,数组,数学,动态规划
解压缩编码列表,数组,None,None
矩阵区域和,数组,矩阵,前缀和
祖父节点值为偶数的节点和,树,深度优先搜索,广度优先搜索
不同的循环子字符串,字典树,字符串,哈希函数
查询近30天活跃用户数,数据库,None,None
过去30天的用户活动 II,数据库,None,None
递减元素使数组呈锯齿状,贪心,数组,None
二叉树着色游戏,树,深度优先搜索,二叉树
快照数组,设计,数组,哈希表
最长公共子序列,字符串,动态规划,None
段式回文,贪心,双指针,字符串
破坏回文串,贪心,字符串,None
将矩阵按对角线排序,数组,矩阵,排序
层数最深叶子节点的和,树,深度优先搜索,广度优先搜索
翻转子数组得到最大的数组值,贪心,数组,数学
数组序号转换,数组,哈希表,排序
矩阵转换后的秩,并查集,图,拓扑排序
文章浏览 I,数据库,None,None
文章浏览 II,数据库,None,None
一年中的第几天,数学,字符串,None
单字符重复子串的最大长度,哈希表,字符串,滑动窗口
子数组中占绝大多数的元素,设计,树状数组,线段树
掷骰子等于目标和的方法数,动态规划,None,None
可以输入的最大单词数,哈希表,字符串,None
从链表中删去总和值为零的连续节点,哈希表,链表,None
市场分析 I,数据库,None,None
市场分析 II,数据库,None,None
餐盘栈,栈,设计,哈希表
网络爬虫,深度优先搜索,广度优先搜索,字符串
查询无效交易,数组,哈希表,字符串
比较字符串最小字母出现频次,数组,哈希表,字符串
日期之间隔几天,数学,字符串,None
验证二叉树,树,深度优先搜索,广度优先搜索
最接近的因数,数学,None,None
形成三的最大倍数,贪心,数组,动态规划
指定日期的产品价格,数据库,None,None
质数排列,数学,None,None
健身计划评估,数组,滑动窗口,None
构建回文串检测,位运算,数组,哈希表
猜字谜,位运算,字典树,数组
转变日期格式,字符串,None,None
四因数,数组,数学,None
将二叉搜索树变平衡,贪心,树,深度优先搜索
带限制的子序列和,队列,数组,动态规划
公交站间的距离,数组,None,None
删除一次得到子数组最大和,数组,动态规划,None
一周中的第几天,数学,None,None
使数组严格递增,数组,二分查找,动态规划
即时食物配送 I,数据库,None,None
即时食物配送 II,数据库,None,None
存在连续三个奇数的数组,数组,None,None
区间内查询数字的频率,设计,线段树,数组
收集足够苹果的最小花园周长,数学,二分查找,None
树节点的第 K 个祖先,树,深度优先搜索,广度优先搜索
“气球” 的最大数量,哈希表,字符串,计数
反转每对括号间的子串,栈,字符串,None
K 次串联后最大子数组之和,数组,动态规划,None
查找集群内的关键连接,深度优先搜索,图,双连通分量
重新格式化部门表,数据库,None,None
删除字符使字符串变好,字符串,None,None
得到目标值的最少行动次数,贪心,数学,None
最长快乐字符串,贪心,字符串,堆（优先队列）
队列中可以看到的人数,栈,数组,单调栈
最小绝对差,数组,排序,None
丑数 III,数学,二分查找,数论
交换字符串中的元素,深度优先搜索,广度优先搜索,并查集
项目管理,深度优先搜索,广度优先搜索,图
给植物浇水,数组,模拟,None
最大的幻方,数组,矩阵,前缀和
统计可以提取的工件,数组,哈希表,模拟
统计为蚁群构筑房间的不同顺序,树,图,拓扑排序
交替打印字符串,多线程,None,None
每月交易 I,数据库,None,None
锦标赛优胜者,数据库,None,None
独一无二的出现次数,数组,哈希表,None
删除字符串中的所有相邻重复项 II,栈,字符串,None
尽可能使字符串相等,字符串,二分查找,前缀和
穿过迷宫的最少移动次数,广度优先搜索,数组,矩阵
球会落何处,数组,矩阵,模拟
概率最大的路径,图,数组,最短路
向下取整数对和,数组,数学,二分查找
最后一个能进入巴士的人,数据库,None,None
每月交易 II,数据库,None,None
玩筹码,贪心,数组,数学
最长定差子序列,数组,哈希表,动态规划
黄金矿工,数组,回溯,矩阵
统计元音字母序列的数目,动态规划,None,None
将杂乱无章的数字排序,数组,排序,None
个位数字为 K 的整数之和,贪心,数学,动态规划
每个小孩最多能分到多少糖果,数组,二分查找,None
两个回文子字符串长度的最大乘积,字符串,哈希函数,滚动哈希
设计跳表,设计,链表,None
查询结果的质量和占比,数据库,None,None
查询球队积分,数据库,None,None
哲学家进餐,多线程,None,None
分割平衡字符串,贪心,字符串,计数
可以攻击国王的皇后,数组,矩阵,模拟
掷骰子模拟,数组,动态规划,None
最大相等频率,数组,哈希表,None
字符串的左右移,数组,数学,字符串
K 次操作后最大化顶端元素,贪心,数组,None
无向图中到环的距离,深度优先搜索,广度优先搜索,并查集
拼接数组的最大分数,数组,动态规划,None
缀点成线,几何,数组,数学
删除子文件夹,深度优先搜索,字典树,数组
替换子串得到平衡字符串,字符串,滑动窗口,None
规划兼职工作,数组,二分查找,动态规划
移除字母异位词后的结果数组,数组,哈希表,字符串
找出输掉零场或一场比赛的玩家,数组,哈希表,计数
美化数组的最少删除数,栈,贪心,数组
得到回文串的最少操作次数,贪心,树状数组,双指针
报告系统状态的连续日期,数据库,None,None
找出给定方程的正整数解,数学,双指针,二分查找
循环码排列,位运算,数学,回溯
串联字符串的最大长度,位运算,数组,字符串
铺瓷砖,回溯,None,None
飞机座位分配概率,脑筋急转弯,数学,动态规划
兼具大小写的最好英文字母,哈希表,字符串,枚举
同积元组,数组,哈希表,计数
第一个唯一数字,设计,队列,数组
堆叠长方体的最大高度,数组,动态规划,排序
多线程网页爬虫,深度优先搜索,广度优先搜索,多线程
交换字符使得字符串相同,贪心,数学,字符串
统计「优美子数组」,数组,哈希表,数学
移除无效的括号,栈,字符串,None
检查「好数组」,数组,数学,数论
至少有一个 1 的最左端列,数组,二分查找,交互
找到指定长度的回文数,数组,数学,None
卖木头块,记忆化搜索,数组,动态规划
每个帖子的评论数,数据库,None,None
奇数值单元格的数目,数组,数学,模拟
重构 2 行二进制矩阵,贪心,数组,矩阵
统计封闭岛屿的数目,深度优先搜索,广度优先搜索,并查集
得分最高的单词集合,位运算,数组,字符串
计算应缴税款总额,数组,模拟,None
单因数三元组,数学,None,None
找出适应屏幕的最大字号,数组,字符串,二分查找
建造纸牌屋的方法数,数学,动态规划,None
二维网格迁移,数组,矩阵,模拟
在受污染的二叉树中查找元素,树,深度优先搜索,广度优先搜索
可被三整除的最大和,贪心,数组,动态规划
推箱子,广度优先搜索,数组,矩阵
平均售价,数据库,None,None
数元素,数组,哈希表,None
找出两数组的不同,数组,哈希表,None
从栈中取出 K 个硬币的最大面值和,数组,动态规划,前缀和
网格中的最小路径代价,数组,动态规划,矩阵
访问所有点的最小时间,几何,数组,数学
统计参与通信的服务器,深度优先搜索,广度优先搜索,并查集
搜索推荐系统,字典树,数组,字符串
停在原地的方案数,动态规划,None,None
页面推荐,数据库,None,None
找出井字棋的获胜者,数组,哈希表,矩阵
不浪费原料的汉堡制作方案,数学,None,None
统计全为 1 的正方形子矩阵,数组,动态规划,矩阵
分割回文串 III,字符串,动态规划,None
逆序打印不可变链表,栈,递归,链表
向公司 CEO 汇报工作的所有人,数据库,None,None
整数的各位积和之差,数学,None,None
用户分组,数组,哈希表,None
使结果不超过阈值的最小除数,数组,二分查找,None
转化为全零矩阵的最少反转次数,位运算,广度优先搜索,数组
红绿灯路口,多线程,None,None
二进制链表转整数,链表,数学,None
元素和小于等于阈值的正方形的最大边长,数组,二分查找,矩阵
网格中的最短路径,广度优先搜索,数组,矩阵
学生们参加各科测试的次数,数据库,None,None
检查数组是否连贯,数组,哈希表,排序
公平分发饼干,位运算,数组,动态规划
数组变为有序的最小操作次数,贪心,动态规划,None
找到连续区间的开始和结束数字,数据库,None,None
统计位数为偶数的数字,数组,None,None
划分数组为连续数字的集合,贪心,数组,哈希表
子串的最大出现次数,哈希表,字符串,滑动窗口
你能从盒子里获得的最大糖果数,广度优先搜索,图,数组
不同国家的天气类型,数据库,None,None
和为零的 N 个不同整数,数组,数学,None
两棵二叉搜索树中的所有元素,树,深度优先搜索,二叉搜索树
跳跃游戏 III,深度优先搜索,广度优先搜索,数组
口算难题,数组,数学,字符串
找到一个数字的 K 美丽值,数学,字符串,滑动窗口
有向无环图中一个节点的所有祖先,深度优先搜索,广度优先搜索,图
判断给定的序列是否是二叉树从根到叶的路径,树,深度优先搜索,广度优先搜索
加密解密字符串,设计,字典树,数组
解码字母到整数映射,字符串,None,None
子数组异或查询,位运算,数组,前缀和
获取你好友已观看的视频,广度优先搜索,图,数组
让字符串成为回文串的最少插入次数,字符串,动态规划,None
求团队人数,数据库,None,None
不同性别每日分数总计,数据库,None,None
将整数转换为两个无零整数的和,数学,None,None
或运算的最小翻转次数,位运算,None,None
连通网络的操作次数,深度优先搜索,广度优先搜索,并查集
二指输入的的最小距离,字符串,动态规划,None
将数字变成 0 的操作次数,位运算,数学,None
大小为 K 且平均值大于等于阈值的子数组数目,数组,滑动窗口,None
时钟指针的夹角,数学,None,None
跳跃游戏 IV,广度优先搜索,数组,哈希表
6 和 9 组成的最大数字,贪心,数学,None
竖直打印单词,数组,字符串,模拟
删除给定值的叶子节点,树,深度优先搜索,二叉树
灌溉花园的最少水龙头数目,贪心,数组,动态规划
餐馆营业额变化增长,数据库,None,None
广告效果,数据库,None,None
删除回文子序列,双指针,字符串,None
餐厅过滤器,数组,排序,None
阈值距离内邻居最少的城市,图,动态规划,最短路
工作计划的最低难度,数组,动态规划,None
根据数字二进制下 1 的数目排序,位运算,数组,计数
每隔 n 个顾客打折,设计,数组,哈希表
包含所有三种字符的子字符串数目,哈希表,字符串,滑动窗口
有效的快递序列数目,数学,动态规划,组合数学
列出指定时间段内所有的下单产品,数据库,None,None
矩阵中战斗力最弱的 K 行,数组,二分查找,矩阵
数组大小减半,贪心,数组,哈希表
分裂二叉树的最大乘积,树,深度优先搜索,二叉树
跳跃游戏 V,数组,动态规划,排序
每次访问的交易次数,数据库,None,None
检查整数及其两倍数是否存在,数组,哈希表,双指针
制造字母异位词的最小步骤数,哈希表,字符串,计数
推文计数,设计,哈希表,二分查找
参加考试的最大学生数,位运算,数组,动态规划
上升下降字符串,哈希表,字符串,计数
每个元音包含偶数次的最长子字符串,位运算,哈希表,字符串
二叉树中的最长交错路径,树,深度优先搜索,动态规划
二叉搜索子树的最大键值和,树,深度优先搜索,二叉搜索树
统计有序矩阵中的负数,数组,二分查找,矩阵
最后 K 个数的乘积,设计,队列,数组
最多可以参加的会议数目,贪心,数组,排序
多次求和构造目标数组,数组,堆（优先队列）,None
电影评分,数据库,None,None
院系无效的学生,数据库,None,None
有多少小于当前数字的数字,数组,哈希表,计数
通过投票对团队排名,数组,哈希表,字符串
二叉树中的链表,树,深度优先搜索,广度优先搜索
使网格图至少有一条有效路径的最小代价,广度优先搜索,图,数组
两个数组间的距离值,数组,双指针,二分查找
安排电影院座位,贪心,位运算,数组
将整数按权重排序,记忆化搜索,动态规划,排序
3n 块披萨,贪心,数组,动态规划
生成每种字符都是奇数个的字符串,字符串,None,None
二进制字符串前缀一致的次数,数组,None,None
通知所有员工所需的时间,树,深度优先搜索,广度优先搜索
T 秒后青蛙的位置,树,深度优先搜索,广度优先搜索
活动参与者,数据库,None,None
顾客的可信联系人数量,数据库,None,None
矩阵中的幸运数,数组,矩阵,None
设计一个支持增量操作的栈,栈,设计,数组
找出克隆二叉树中的相同节点,树,深度优先搜索,广度优先搜索
最大的团队表现值,贪心,数组,排序
统计最大组的数目,哈希表,数学,None
圆和矩形是否有重叠,几何,数学,None
构造 K 个回文字符串,贪心,哈希表,字符串
做菜顺序,贪心,数组,动态规划
获取最近第二次的活动,数据库,None,None
按既定顺序创建目标数组,数组,模拟,None
检查网格中是否存在有效路径,深度优先搜索,广度优先搜索,并查集
最长快乐前缀,字符串,字符串匹配,哈希函数
使用唯一标识码替换员工ID,数据库,None,None
找出数组中的幸运数,数组,哈希表,计数
统计作战单位数,树状数组,数组,动态规划
设计地铁系统,设计,哈希表,字符串
找到所有好字符串,字符串,动态规划,字符串匹配
逐步求和得到正数的最小值,数组,前缀和,None
和为 K 的最少斐波那契数字数目,贪心,数学,None
长度为 n 的开心字符串中字典序第 k 小的字符串,字符串,回溯,None
恢复数组,字符串,动态规划,None
按年度列出销售总额,数据库,None,None
非递增顺序的最小子序列,贪心,数组,排序
将二进制表示减到 1 的步骤数,位运算,字符串,None
石子游戏 III,数组,数学,动态规划
股票的资本损益,数据库,None,None
数组中的字符串匹配,数组,字符串,字符串匹配
查询带键的排列,树状数组,数组,模拟
HTML 实体解析器,哈希表,字符串,None
给 N x 3 网格图涂色的方案数,动态规划,None,None
拥有最多糖果的孩子,数组,None,None
改变一个整数能得到的最大差值,贪心,数学,None
检查一个字符串是否可以打破另一个字符串,贪心,字符串,排序
每个人戴不同帽子的方案数,位运算,数组,动态规划
重新格式化字符串,字符串,None,None
点菜展示表,数组,哈希表,字符串
数青蛙,字符串,计数,None
生成数组,动态规划,前缀和,None
购买了产品 A 和产品 B 却没有购买产品 C 的顾客,数据库,None,None
分割字符串的最大得分,字符串,前缀和,None
可获得的最大点数,数组,前缀和,滑动窗口
对角线遍历 II,数组,排序,堆（优先队列）
排名靠前的旅行者,数据库,None,None
连续字符,字符串,None,None
最简分数,数学,字符串,数论
统计二叉树中好节点的数目,树,深度优先搜索,广度优先搜索
数位成本和为目标值的最大数字,数组,动态规划,None
查找成绩处于中游的学生,数据库,None,None
旅行终点站,数组,哈希表,字符串
是否所有 1 都至少相隔 k 个元素,数组,None,None
绝对差不超过限制的最长连续子数组,队列,数组,有序集合
有序矩阵中的第 k 个最小数组和,数组,二分查找,矩阵
净现值查询,数据库,None,None
用栈操作构建数组,栈,数组,模拟
形成两个异或相等数组的三元组数目,位运算,数组,哈希表
收集树上所有苹果的最少时间,树,深度优先搜索,广度优先搜索
切披萨的方案数,记忆化搜索,数组,动态规划
通过翻转子数组使两个数组相等,数组,哈希表,排序
检查一个字符串是否包含所有长度为 K 的二进制子串,位运算,哈希表,字符串
课程表 IV,深度优先搜索,广度优先搜索,图
摘樱桃 II,数组,动态规划,矩阵
在既定时间做作业的学生人数,数组,None,None
重新排列句子中的单词,字符串,排序,None
收藏清单,数组,哈希表,字符串
圆形靶内的最大飞镖数量,几何,数组,数学
制作会话柱状图,数据库,None,None
计算布尔表达式的值,数据库,None,None
检查单词是否为句中其他单词的前缀,双指针,字符串,字符串匹配
定长子串中元音的最大数目,字符串,滑动窗口,None
二叉树中的伪回文路径,位运算,树,深度优先搜索
两个子序列的最大点积,数组,动态规划,None
商品折扣后的最终价格,栈,数组,单调栈
安排邮筒,数组,数学,动态规划
子矩形查询,设计,数组,矩阵
找两个和为目标值且不重叠的子数组,数组,哈希表,二分查找
数组中两元素的最大乘积,数组,排序,堆（优先队列）
切割后面积最大的蛋糕,贪心,数组,排序
重新规划路线,深度优先搜索,广度优先搜索,图
两个盒子中球的颜色数相同的概率,数组,数学,动态规划
苹果和桔子,数据库,None,None
活跃用户,数据库,None,None
重新排列数组,数组,None,None
数组中的 k 个最强值,数组,双指针,排序
设计浏览器历史记录,栈,设计,数组
粉刷房子 III,数组,动态规划,None
去掉最低工资和最高工资后的工资平均值,数组,排序,None
n 的第 k 个因子,数学,数论,None
删掉一个元素以后全为 1 的最长子数组,数组,动态规划,滑动窗口
并行课程 II,位运算,图,动态规划
一维数组的动态和,数组,前缀和,None
不同整数的最少数目,贪心,数组,哈希表
制作 m 束花所需的最少天数,数组,二分查找,None
矩形面积,数据库,None,None
计算税后工资,数据库,None,None
寻找所有的独生节点,树,深度优先搜索,广度优先搜索
数组异或操作,位运算,数学,None
保证文件名唯一,数组,哈希表,字符串
避免洪水泛滥,贪心,数组,哈希表
找到最小生成树里的关键边和伪关键边,并查集,图,最小生成树
子数组和排序后的区间和,数组,双指针,二分查找
三次操作后最大值与最小值的最小差,贪心,数组,排序
石子游戏 IV,数学,动态规划,博弈
删除链表 M 个节点之后的 N 个节点,链表,None,None
判断路径是否相交,哈希表,字符串,None
检查数组对是否可以被 k 整除,数组,哈希表,计数
满足条件的子序列数目,数组,双指针,二分查找
满足不等式的最大值,队列,数组,滑动窗口
周内每天的销售情况,数据库,None,None
克隆含随机指针的二叉树,树,深度优先搜索,广度优先搜索
按日期分组销售产品,数据库,None,None
判断能否形成等差数列,数组,排序,None
所有蚂蚁掉下来前的最后一刻,脑筋急转弯,数组,模拟
统计全 1 子矩形,栈,数组,动态规划
最多 K 次交换相邻数位后得到的最小整数,贪心,树状数组,线段树
在区间范围内统计奇数数目,数学,None,None
和为奇数的子数组数目,数组,数学,动态规划
字符串的好分割数目,位运算,字符串,动态规划
形成目标数组的子数组最少增加次数,栈,贪心,数组
克隆 N 叉树,树,深度优先搜索,广度优先搜索
好数对的数目,数组,哈希表,数学
仅含 1 的子串数,数学,字符串,None
压缩字符串 II,字符串,动态规划,None
服务中心的最佳位置,几何,数学,随机化
上月播放的儿童适宜电影,数据库,None,None
设计文件分享系统,设计,哈希表,数据流
可以放心投资的国家,数据库,None,None
换水问题,数学,模拟,None
子树中标签相同的节点数,树,深度优先搜索,广度优先搜索
最多的不重叠子字符串,贪心,字符串,None
找到最接近目标值的函数值,位运算,线段树,数组
第 k 个缺失的正整数,数组,二分查找,None
K 次操作转变字符串,哈希表,字符串,None
平衡括号字符串的最少插入次数,栈,贪心,字符串
和为目标值且不重叠的非空子数组的最大数目,贪心,数组,哈希表
找到 N 叉树的根节点,位运算,树,深度优先搜索
重新排列字符串,数组,字符串,None
最少的后缀翻转次数,贪心,字符串,None
好叶子节点对的数量,树,深度优先搜索,二叉树
消费者下单频率,数据库,None,None
移动 N 叉树的子树,树,深度优先搜索,None
统计好三元组,数组,枚举,None
找出数组游戏的赢家,数组,模拟,None
排布二进制网格的最少交换次数,贪心,数组,矩阵
最大得分,贪心,数组,双指针
千位分隔数,字符串,None,None
可以到达所有点的最少点数目,图,None,None
得到目标数组的最少函数调用次数,贪心,位运算,数组
二维网格图中探测环,深度优先搜索,广度优先搜索,并查集
查找拥有有效邮箱的用户,数据库,None,None
N 叉树的直径,树,深度优先搜索,None
整理字符串,栈,字符串,None
找出第 N 个二进制字符串中的第 K 位,递归,字符串,模拟
找出最长的超赞子字符串,位运算,哈希表,字符串
切棍子的最小成本,数组,动态规划,排序
患某种疾病的患者,数据库,None,None
最近的三笔订单,数据库,None,None
找到最大整数的索引,数组,二分查找,交互
使数组中所有元素相等的最小操作数,数学,None,None
两球之间的磁力,数组,二分查找,排序
吃掉 N 个橘子的最少天数,记忆化搜索,动态规划,None
矩阵对角线元素的和,数组,矩阵,None
分割字符串的方案数,数学,字符串,None
删除最短的子数组使剩余数组有序,栈,数组,双指针
统计所有可行路径,记忆化搜索,数组,动态规划
找出隐藏数组中出现次数最多的元素,数组,数学,交互
圆形赛道上经过次数最多的扇区,数组,模拟,None
你可以获得的最大硬币数目,贪心,数组,数学
查找大小为 M 的最新分组,数组,二分查找,模拟
石子游戏 V,数组,数学,动态规划
产品名称格式修复,数据库,None,None
图中最相似的路径,图,动态规划,None
每件商品的最新订单,数据库,None,None
重复至少 K 次且长度为 M 的模式,数组,枚举,None
乘积为正数的最长子数组长度,贪心,数组,动态规划
使陆地分离的最少天数,深度优先搜索,广度优先搜索,数组
将子数组重新排序得到同一个二叉搜索树的方案数,树,并查集,二叉搜索树
所有奇数长度子数组的和,数组,数学,前缀和
使数组和能被 P 整除,数组,哈希表,前缀和
所有排列中的最大和,贪心,数组,前缀和
奇怪的打印机 II,图,拓扑排序,数组
只有一个不同字符的字符串,哈希表,字符串,哈希函数
替换所有的问号,字符串,None,None
数的平方等于两数乘积的方法数,数组,哈希表,数学
使绳子变成彩色的最短时间,贪心,数组,字符串
保证图可完全遍历,并查集,图,None
银行账户概要,数据库,None,None
把箱子放进仓库里 I,贪心,数组,排序
二进制矩阵中的特殊位置,数组,矩阵,None
统计不开心的朋友,数组,模拟,None
连接所有点的最小费用,并查集,图,数组
检查字符串是否可以通过排序子字符串得到另一个字符串,贪心,字符串,排序
设计停车系统,设计,计数,模拟
警告一小时内使用相同员工卡大于等于三次的人,数组,哈希表,字符串
找到处理最多请求的服务器,贪心,数组,有序集合
给定行和列的和求可行矩阵,贪心,数组,矩阵
按月统计订单数与顾客数,数据库,None,None
两个稀疏向量的点积,设计,数组,哈希表
重新排列单词间的空格,字符串,None,None
拆分字符串使唯一子字符串的数目最大,哈希表,字符串,回溯
矩阵的最大非负积,数组,动态规划,矩阵
连通两组点的最小成本,位运算,数组,动态规划
仓库经理,数据库,None,None
把箱子放进仓库里 II,贪心,数组,排序
文件夹操作日志搜集器,栈,数组,字符串
经营摩天轮的最大利润,数组,模拟,None
王位继承顺序,树,深度优先搜索,设计
最多可达成的换楼请求数目,位运算,数组,回溯
进店却未进行过交易的顾客,数据库,None,None
大小为 K 的不重叠线段的数目,数学,动态规划,组合数学
网络信号最好的坐标,数组,枚举,None
猫和老鼠 II,图,拓扑排序,记忆化搜索
奇妙序列,设计,线段树,数学
二叉搜索树迭代器 II,栈,树,设计
特殊数组的特征值,数组,二分查找,排序
奇偶树,树,广度优先搜索,二叉树
使整数变为 0 的最少操作次数,位运算,记忆化搜索,动态规划
可见点的最大数目,几何,数组,数学
银行账户概要 II,数据库,None,None
每位顾客最经常订购的商品,数据库,None,None
根据中缀表达式构造二叉表达式树,栈,树,字符串
括号的最大嵌套深度,栈,字符串,None
最大网络秩,图,None,None
分割两个字符串得到回文串,双指针,字符串,None
统计子树中城市之间最大距离,位运算,树,动态规划
按照频率将数组升序排序,数组,哈希表,排序
两点之间不包含任何点的最宽垂直区域,数组,排序,None
统计只差一个字符的子串数目,哈希表,字符串,动态规划
通过给定词典构造目标字符串的方案数,数组,字符串,动态规划
找到二叉树中最近的右侧节点,树,广度优先搜索,二叉树
两个相同字符之间的最长子字符串,哈希表,字符串,None
执行操作后字典序最小的字符串,广度优先搜索,字符串,None
无矛盾的最佳球队,数组,动态规划,排序
没有卖出的卖家,数据库,None,None
检查两棵二叉表达式树是否等价,树,深度优先搜索,二叉树
按键持续时间最长的键,数组,字符串,None
等差子数组,数组,哈希表,排序
最小体力消耗路径,深度优先搜索,广度优先搜索,并查集
拆炸弹,数组,滑动窗口,None
使字符串平衡的最少删除次数,栈,字符串,动态规划
到家的最少跳跃次数,广度优先搜索,数组,动态规划
分配重复整数,位运算,数组,动态规划
找到遗失的ID,数据库,None,None
能否连接形成数组,数组,哈希表,None
统计字典序元音字符串的数目,数学,动态规划,组合数学
可以到达的最远建筑,贪心,数组,堆（优先队列）
三人国家代表队,数据库,None,None
最大重复子字符串,字符串,动态规划,字符串匹配
合并两个链表,链表,None,None
得到山形数组的最少删除次数,贪心,数组,二分查找
设计前中后队列,设计,队列,数组
设计带解析函数的表达式树,栈,树,设计
获取生成数组中的最大值,数组,模拟,None
字符频次唯一的最小删除次数,贪心,哈希表,字符串
销售价值减少的颜色球,贪心,数组,数学
通过指令创建有序数组,树状数组,线段树,数组
各赛事的用户注册率,数据库,None,None
求两个多项式链表的和,链表,数学,双指针
设计有序流,设计,数组,哈希表
将 x 减到 0 的最小操作数,数组,哈希表,二分查找
确定两个字符串是否接近,哈希表,字符串,计数
最大化网格幸福感,位运算,记忆化搜索,动态规划
Hopper 公司查询 I,数据库,None,None
二叉树的最近公共祖先 II,树,深度优先搜索,二叉树
检查两个字符串数组是否相等,数组,字符串,None
具有给定数值的最小字符串,贪心,字符串,None
生成平衡数组的方案数,数组,前缀和,None
完成所有任务的最少初始能量,贪心,数组,排序
Hopper 公司查询 II,数据库,None,None
统计一致字符串的数目,位运算,数组,哈希表
有序数组中差绝对值之和,数组,数学,前缀和
石子游戏 VI,贪心,数组,数学
从仓库到码头运输箱子,线段树,队列,数组
二叉树的最近公共祖先 III,树,哈希表,双指针
最富有客户的资产总量,数组,矩阵,None
找出最具竞争力的子序列,栈,贪心,数组
使数组互补的最少操作次数,数组,哈希表,前缀和
数组的最小偏移量,贪心,数组,有序集合
Hopper 公司查询 III,数据库,None,None
纠正二叉树,树,深度优先搜索,广度优先搜索
设计 Goal 解析器,字符串,None,None
K 和数对的最大数目,数组,哈希表,双指针
最小不兼容性,位运算,数组,动态规划
连接连续二进制数字,位运算,数学,模拟
每台机器的进程平均运行时间,数据库,None,None
无法吃午餐的学生数量,栈,队列,数组
平均等待时间,数组,模拟,None
修改后的最大二进制字符串,贪心,字符串,None
得到连续 K 个 1 的最少相邻交换次数,贪心,数组,前缀和
比赛中的配对次数,数学,模拟,None
十-二进制数的最少数目,贪心,字符串,None
石子游戏 VII,数组,数学,动态规划
数组中特殊等间距元素的和,数组,动态规划,None
改变二叉树的根节点,树,深度优先搜索,二叉树
修复表中的名字,数据库,None,None
重新格式化电话号码,字符串,None,None
删除子数组的最大得分,数组,哈希表,滑动窗口
跳跃游戏 VI,队列,数组,动态规划
检查边长度限制的路径是否存在,并查集,图,数组
二叉树的最近公共祖先 IV,树,深度优先搜索,哈希表
计算力扣银行的钱,数学,None,None
删除子字符串的最大得分,栈,贪心,字符串
构建字典序最大的可行序列,数组,回溯,None
重构一棵树的方案数,树,图,None
发票中的产品金额,数据库,None,None
最长回文子序列 II,字符串,动态规划,None
判断字符串的两半是否相似,字符串,计数,None
吃苹果的最大数目,贪心,数组,堆（优先队列）
完成所有工作的最短时间,位运算,数组,动态规划
与数组中元素的最大异或值,位运算,字典树,数组
无效的推文,数据库,None,None
计算分配糖果的不同方式,动态规划,None,None
卡车上的最大单元数,贪心,数组,排序
大餐计数,数组,哈希表,None
将数组分成三个子数组的方案数,数组,双指针,二分查找
得到子序列的最少操作次数,贪心,数组,哈希表
找到最高海拔,数组,前缀和,None
需要教语言的最少人数,贪心,数组,哈希表
解码异或后的排列,位运算,数组,None
生成乘积数组的方案数,数组,数学,动态规划
每天的领导和合伙人,数据库,None,None
字符串的不同子字符串个数,字典树,字符串,后缀数组
解码异或后的数组,位运算,数组,None
执行交换操作后的最小汉明距离,深度优先搜索,并查集,数组
两人之间的通话次数,数据库,None,None
可以形成最大正方形的矩形数目,数组,None,None
盒子中小球的最大数量,哈希表,数学,计数
重新排列后的最大子矩阵,贪心,数组,矩阵
长度为 K 的最大子数组,贪心,数组,None
唯一元素的和,数组,哈希表,计数
任意子数组和的绝对值的最大值,数组,动态规划,None
删除字符串两端相同字符后的最短长度,双指针,字符串,None
最多可以参加的会议数目 II,数组,二分查找,动态规划
访问日期之间最大的空档期,数据库,None,None
替换隐藏数字得到的最晚时间,贪心,字符串,None
满足三条件之一需改变的最少字符数,哈希表,字符串,计数
找出第 K 大的异或坐标值,位运算,数组,分治
放置盒子,贪心,数学,二分查找
苹果和橘子的个数,数据库,None,None
检查边长度限制的路径是否存在 II,并查集,图,最小生成树
从相邻元素对还原数组,数组,哈希表,None
分割回文串 IV,字符串,动态规划,None
你能在你最喜欢的那天吃到你最喜欢的糖果吗？,数组,前缀和,None
最长的美好子字符串,位运算,哈希表,字符串
通过连接另一个数组的子数组得到一个数组,贪心,数组,字符串匹配
互质树,树,深度优先搜索,广度优先搜索
地图中的最高点,广度优先搜索,数组,矩阵
求关注者的数量,数据库,None,None
检查数组是否经排序和轮转得到,数组,None,None
移除石子的最大得分,贪心,数学,堆（优先队列）
构造字典序最大的合并字符串,贪心,双指针,字符串
最接近目标值的子序列和,位运算,数组,双指针
每位经理的下属员工数量,数据库,None,None
找到二叉树中的距离,树,深度优先搜索,广度优先搜索
生成交替二进制字符串的最少操作数,字符串,None,None
统计同质子字符串的数目,数学,字符串,None
袋子里最少数目的球,数组,二分查找,None
一个图中连通三元组的最小度数,图,None,None
找到最近的有相同 X 或 Y 坐标的点,数组,None,None
判断一个数字是否可以表示成三的幂的和,数学,None,None
所有子字符串美丽值之和,哈希表,字符串,计数
统计点对的数目,图,数组,双指针
查找每个员工花费的总时间,数据库,None,None
经过一次操作后的最大子数组和,数组,动态规划,None
交替合并字符串,双指针,字符串,None
移动所有球到每个盒子所需的最小操作数,数组,字符串,None
执行乘法运算的最大分数,数组,动态规划,None
由子序列构造的最长回文串的长度,字符串,动态规划,None
应该被禁止的 Leetflex 账户,数据库,None,None
统计匹配检索规则的物品数量,数组,字符串,None
最接近目标价格的甜点成本,数组,动态规划,回溯
通过最少操作次数使数组的和相等,贪心,数组,哈希表
车队 II,栈,数组,数学
设计最近使用（MRU）队列,栈,设计,树状数组
字符串中第二大的数字,哈希表,字符串,None
设计一个验证系统,设计,哈希表,None
N 次操作后的最大分数和,位运算,数组,数学
统计异或值在范围内的数对有多少,位运算,字典树,数组
可回收且低脂的产品,数据库,None,None
能看到海景的建筑物,栈,数组,单调栈
检查二进制字符串字段,字符串,None,None
构成特定和需要添加的最少元素,贪心,数组,None
从第一个节点出发到最后一个节点的受限路径数,图,拓扑排序,动态规划
使所有区间的异或结果为零,位运算,数组,动态规划
寻找没有被执行的任务对,数据库,None,None
仅执行一次字符串交换能否使两个字符串相等,哈希表,字符串,计数
找出星型图的中心节点,图,None,None
最大平均通过率,贪心,数组,堆（优先队列）
好子数组的最大分数,栈,数组,双指针
按受欢迎程度排列功能,数组,哈希表,字符串
判断国际象棋棋盘中一个格子的颜色,数学,字符串,None
句子相似性 III,数组,双指针,字符串
得到新鲜甜甜圈的最多组数,位运算,记忆化搜索,数组
统计一个数组中好对子的数目,数组,哈希表,数学
每家商店的产品价格,数据库,None,None
最大升序子数组和,数组,None,None
积压订单中的订单总数,数组,模拟,堆（优先队列）
有界数组中指定下标处的最大值,贪心,二分查找,None
你能构造出连续值的最大数目,贪心,数组,排序
未知网格中的最短路径,深度优先搜索,广度优先搜索,图
大满贯数量,数据库,None,None
字符串中不同整数的数目,哈希表,字符串,None
替换字符串中的括号内容,数组,哈希表,字符串
还原排列的最少操作步数,数组,数学,模拟
好因子的最大数目,递归,数学,None
最大化花园的美观度,贪心,数组,前缀和
最少操作使数组递增,贪心,数组,None
统计一个圆中点的数目,几何,数组,数学
每个查询的最大异或值,位运算,数组,前缀和
使字符串有序的最少操作次数,数学,字符串,组合数学
员工的直属部门,数据库,None,None
统计距离最小的子串对个数,贪心,哈希表,字符串
截断句子,数组,字符串,None
查找用户活跃分钟数,数组,哈希表,None
绝对差值和,数组,二分查找,有序集合
序列中不同最大公约数的数目,数组,数学,计数
每个产品在不同商店的价格,数据库,None,None
实现 Trie （前缀树） II,设计,字典树,哈希表
数组元素积的符号,数组,数学,None
找出游戏的获胜者,递归,队列,数组
最少侧跳次数,贪心,数组,动态规划
求出 MK 平均值,设计,队列,数据流
将所有数字用字符替换,字符串,None,None
座位预约管理系统,设计,堆（优先队列）,None
减小和重新排列数组后的最大元素,贪心,数组,排序
最近的房间,数组,二分查找,排序
没有广告的剧集,数据库,None,None
隐藏网格下的最小消耗路径,深度优先搜索,广度优先搜索,图
判断句子是否为全字母句,哈希表,字符串,None
雪糕的最大数量,贪心,数组,排序
单线程 CPU,数组,排序,堆（优先队列）
所有数对按位与结果的异或和,位运算,数组,数学
寻找面试候选人,数据库,None,None
K 进制表示下的各位数字总和,数学,None,None
最高频元素的频数,贪心,数组,二分查找
所有元音按顺序排布的最长子字符串,字符串,滑动窗口,None
最高建筑高度,数组,数学,None
最多邀请的个数,数组,回溯,矩阵
将句子排序,字符串,排序,None
增长的内存泄露,数学,模拟,None
旋转盒子,数组,双指针,矩阵
寻找今年具有正收入的客户,数据库,None,None
到目标元素的最小距离,数组,None,None
将字符串拆分为递减的连续值,字符串,回溯,None
包含每个查询的最小区间,数组,二分查找,排序
邻位交换的最小次数,贪心,双指针,字符串
捉迷藏中可捕获的最大人数,贪心,数组,None
有缺陷的传感器,数组,双指针,None
每天的最大交易,数据库,None,None
从未排序的链表中移除重复元素,哈希表,链表,None
人口最多的年份,数组,计数,前缀和
下标对中的最大距离,数组,双指针,二分查找
子数组最小乘积的最大值,栈,数组,前缀和
有向图中最大颜色值,图,拓扑排序,记忆化搜索
长度为三且各字符不同的子字符串,哈希表,字符串,计数
数组中最大数对和的最小值,贪心,数组,双指针
两个数组最小的异或值之和,位运算,数组,动态规划
矩阵中最大的三个菱形和,数组,数学,矩阵
联赛信息统计,数据库,None,None
给按照绝对值排序的链表排序,链表,双指针,排序
找出所有子集的异或总和再求和,位运算,数组,数学
构成交替字符串需要的最小交换次数,贪心,字符串,None
找出和为指定值的下标对,设计,数组,哈希表
恰有 K 根木棍可以看到的排列数目,数学,动态规划,组合数学
下个由相同数字构成的回文串,双指针,字符串,None
可疑银行账户,数据库,None,None
哪种连续子字符串更长,字符串,None,None
准时到达的列车最小时速,数组,二分查找,None
跳跃游戏 VII,字符串,动态规划,前缀和
石子游戏 VIII,数组,数学,动态规划
每个子数组的数字种类数,数组,哈希表,滑动窗口
转换日期格式,数据库,None,None
检查是否区域内所有整数都被覆盖,数组,哈希表,前缀和
找到需要补充粉笔的学生编号,数组,二分查找,前缀和
K 条高速公路的最大旅行费用,位运算,图,动态规划
反转表达式值的最少操作次数,栈,数学,字符串
包含所有前缀的最长单词,深度优先搜索,字典树,None
检查某单词是否等于两单词之和,字符串,None,None
插入后的最大值,贪心,字符串,None
使用服务器处理任务,数组,堆（优先队列）,None
准时抵达会议现场的最小跳过休息次数,数组,动态规划,None
最大数量高于平均水平的订单,数据库,None,None
判断矩阵经轮转后是否一致,数组,矩阵,None
使数组元素相等的减少操作次数,数组,排序,None
使二进制字符串字符交替的最少反转次数,贪心,字符串,动态规划
装包裹的最小浪费空间,数组,二分查找,前缀和
两个行程编码数组的积,数组,双指针,None
删除一个元素使数组严格递增,数组,None,None
删除一个字符串中所有出现的给定子字符串,字符串,None,None
最大子序列交替和,数组,动态规划,None
设计电影租借系统,设计,数组,哈希表
计算特殊奖金,数据库,None,None
重新分配字符使所有字符串都相等,哈希表,字符串,计数
合并若干三元组以形成目标三元组,贪心,数组,None
可移除字符的最大数目,数组,双指针,字符串
最佳运动员的比拼回合,记忆化搜索,动态规划,None
两个数组的最小乘积和,贪心,数组,排序
将工资相同的雇员分组,数据库,None,None
鸡蛋掉落-两枚鸡蛋,数学,动态规划,None
字符串中的最大奇数,贪心,数学,字符串
你完成的完整对局数,数学,字符串,None
查询差绝对值的最小值,数组,哈希表,None
统计子岛屿,深度优先搜索,广度优先搜索,并查集
统计数对,数组,双指针,二分查找
统计平方和三元组的数目,数学,枚举,None
迷宫中离入口最近的出口,广度优先搜索,数组,矩阵
求和游戏,贪心,数学,字符串
规定时间内到达终点的最小花费,图,动态规划,None
2020年最后一次登录,数据库,None,None
两个数对之间的最大乘积差,数组,排序,None
循环轮转矩阵,数组,矩阵,模拟
最美子字符串的数目,位运算,哈希表,字符串
割绳子,数组,二分查找,None
页面推荐Ⅱ,数据库,None,None
寻找峰值 II,数组,二分查找,矩阵
基于排列构建数组,数组,模拟,None
消灭怪物的最大数量,贪心,数组,排序
统计好数字的数目,递归,数学,None
最长公共子路径,数组,二分查找,后缀数组
给定二叉搜索树的插入顺序求深度,树,二叉搜索树,二叉树
检查是否所有字符出现次数相同,哈希表,字符串,计数
最小未被占据椅子的编号,数组,哈希表,堆（优先队列）
描述绘画结果,数组,哈希表,前缀和
跳跃游戏 VIII,栈,图,数组
按分类统计薪水,数据库,None,None
数组串联,数组,模拟,None
长度为 3 的不同回文子序列,位运算,哈希表,字符串
合并多棵二叉搜索树,树,深度优先搜索,哈希表
用三种不同颜色为网格涂色,动态规划,None,None
Nim 游戏 II,位运算,脑筋急转弯,数组
Leetcodify 好友推荐,数据库,None,None
兴趣相同的朋友,数据库,None,None
检查方程中的矛盾之处,深度优先搜索,并查集,图
新增的最少台阶数,贪心,数组,None
扣分后的最大得分,数组,动态规划,None
查询最大基因差,位运算,字典树,数组
第 K 小的子数组和,数组,二分查找,滑动窗口
判断字符串是否可分解为值均等的子串,字符串,None,None
排序数组之间的最长公共子序列,数组,哈希表,计数
所有子数组最小值中的最大值,栈,数组,单调栈
感染 K 种病毒所需的最短时间,几何,数组,数学
安装栅栏 II,几何,数组,数学
街上最亮的位置,数组,有序集合,前缀和
字符串转化后的各位数字之和,字符串,模拟,None
子字符串突变后可能得到的最大整数,贪心,数组,字符串
最大兼容性评分和,位运算,数组,动态规划
删除系统中的重复文件夹,字典树,数组,哈希表
检查操作是否合法,数组,枚举,矩阵
K 次调整数组大小浪费的最小总空间,数组,动态规划,None
将句子分隔成行的最低成本,数组,动态规划,None
三除数,数学,枚举,数论
你可以工作的最大周数,贪心,数组,None
构造元素不等于两相邻元素平均值的数组,贪心,数组,排序
统计特殊子序列的数目,数组,动态规划,None
确认率,数据库,None,None
使用特殊打字机键入单词的最少时间,贪心,字符串,None
最大方阵和,贪心,数组,矩阵
到达目的地的方案数,图,拓扑排序,动态规划
划分数字的方案数,字符串,动态规划,后缀数组
主动请求确认消息的用户,数据库,None,None
检查字符串是否为数组前缀,数组,双指针,字符串
移除石子使总数最小,贪心,数组,堆（优先队列）
使字符串平衡的最小交换次数,栈,贪心,双指针
找出到每个位置为止最长的有效障碍赛跑路线,树状数组,数组,二分查找
坚定的友谊,数据库,None,None
查询具有最多共同关注者的所有两两结对组,数据库,None,None
作为子字符串出现在单词中的字符串数目,字符串,None,None
数组元素的最小非零乘积,贪心,递归,数学
你能穿过矩阵的最后一天,深度优先搜索,广度优先搜索,并查集
找到数组的中间位置,数组,前缀和,None
找到所有的农场组,深度优先搜索,广度优先搜索,数组
树上的操作,树,深度优先搜索,广度优先搜索
好子集的数目,位运算,数组,数学
找出数组的最大公约数,数组,数学,数论
找出不同的二进制字符串,数组,哈希表,字符串
最小化目标值与所选元素的差,数组,动态规划,矩阵
从子集的和还原数组,数组,分治,None
丢失信息的雇员,数据库,None,None
未排序数组中的可被二分搜索的数,数组,二分查找,None
学生分数的最小差值,数组,排序,滑动窗口
找出数组中的第 K 大整数,数组,字符串,分治
完成任务的最少工作时间段,位运算,数组,动态规划
不同的好子序列数目,字符串,动态规划,None
差的绝对值为 K 的数对数目,数组,哈希表,计数
从双倍数组中还原原数组,贪心,数组,哈希表
出租车的最大盈利,数组,哈希表,二分查找
使数组连续的最少操作数,数组,哈希表,二分查找
同一天的第一个电话和最后一个电话,数据库,None,None
寻找图中是否存在路径,深度优先搜索,广度优先搜索,并查集
统计特殊四元组,数组,枚举,None
游戏中弱角色的数量,栈,贪心,数组
访问完所有房间的第一天,数组,动态规划,None
数组的最大公因数排序,并查集,数组,数学
值等于子节点值之和的节点数量,树,深度优先搜索,二叉树
上级经理已离职的公司员工,数据库,None,None
反转单词前缀,双指针,字符串,None
可互换矩形的组数,数组,哈希表,数学
两个回文子序列长度的最大乘积,位运算,字符串,动态规划
每棵子树内缺失的最小基因值,树,深度优先搜索,并查集
将一维数组转变成二维数组,数组,矩阵,模拟
连接后等于目标字符串的字符串对,数组,哈希表,字符串
考试的最大困扰度,字符串,二分查找,前缀和
分割数组的最多方案数,数组,哈希表,计数
找出每所学校的最低分数要求,数据库,None,None
执行操作后的变量值,数组,字符串,模拟
数组美丽值求和,数组,None,None
检测正方形,设计,数组,哈希表
重复 K 次的最长子序列,贪心,字符串,回溯
最小的仅由两个数组成的倍数,数学,枚举,None
每段建筑物的平均高度,贪心,数组,排序
统计实验的数量,数据库,None,None
增量元素之间的最大差值,数组,None,None
网格游戏,数组,矩阵,前缀和
判断单词是否能放入填字游戏内,数组,枚举,矩阵
解出数学表达式的学生分数,栈,记忆化搜索,数组
使每位学生都有座位的最少移动次数,贪心,数组,排序
如果相邻两个颜色均相同则删除当前颜色,贪心,数学,字符串
两个有序数组的第 K 小乘积,数组,二分查找,None
网络空闲的时刻,广度优先搜索,图,数组
职员招聘人数,数据库,None,None
斐波那契树的移除子树游戏,树,数学,动态规划
转换字符串的最少操作次数,贪心,字符串,None
找出缺失的观测数据,数组,数学,模拟
石子游戏 IX,贪心,数组,数学
含特定字母的最小子序列,栈,贪心,字符串
职员招聘人数 II,数据库,None,None
至少在两个数组中出现的值,位运算,数组,哈希表
获取单值网格的最小操作数,数组,数学,矩阵
股票价格波动,设计,哈希表,数据流
将数组分成两个数组并最小化数组和的差,位运算,数组,双指针
数组中第 K 个独一无二的字符串,数组,哈希表,字符串
两个最好的不重叠活动,数组,二分查找,动态规划
蜡烛之间的盘子,数组,字符串,二分查找
棋盘上有效移动组合的数目,数组,字符串,回溯
无流量的帐户数,数据库,None,None
检查句子中的数字是否递增,字符串,None,None
简易银行系统,设计,数组,哈希表
统计按位或能得到最大值的子集数目,位运算,数组,回溯
到达目的地的第二短时间,广度优先搜索,图,最短路
低质量的问题,数据库,None,None
句子中的有效单词数,字符串,None,None
下一个更大的数值平衡数,数学,回溯,枚举
统计最高分的节点数目,树,深度优先搜索,数组
并行课程 III,图,拓扑排序,数组
检查两个字符串是否几乎相等,哈希表,字符串,计数
模拟行走机器人 II,设计,模拟,None
每一个查询的最大美丽值,数组,二分查找,排序
你可以安排的最多任务数目,贪心,队列,数组
值相等的最小索引,数组,None,None
找出临界点之间的最小和最大距离,链表,None,None
转化数字的最小运算数,广度优先搜索,数组,None
同源字符串检测,字符串,动态规划,None
面试中被录取的候选人,数据库,None,None
统计字符串中的元音子字符串,哈希表,字符串,None
所有子字符串中的元音,数学,字符串,动态规划
分配给商店的最多商品的最小值,数组,二分查找,None
最大化一张图中的路径价值,图,数组,回溯
统计出现过一次的公共字符串,数组,哈希表,字符串
喂食仓鼠的最小食物桶数,贪心,字符串,动态规划
网格图中机器人回家的最小代价,贪心,数组,None
统计农场中肥沃金字塔的数目,数组,动态规划,矩阵
商店中每个成员的级别,数据库,None,None
买票需要的时间,队列,数组,模拟
反转偶数长度组的节点,链表,None,None
解码斜向换位密码,字符串,模拟,None
处理含限制条件的好友请求,并查集,图,None
两栋颜色不同且距离最远的房子,贪心,数组,None
用邮票贴满网格图,贪心,数组,矩阵
合法重新排列数对,深度优先搜索,图,欧拉回路
k 镜像数字的和,数学,枚举,None
扫地机器人清扫过的空间个数,数组,矩阵,模拟
找到和最大的长度为 K 的子序列,数组,哈希表,排序
适合野炊的日子,数组,动态规划,前缀和
引爆最多的炸弹,深度优先搜索,广度优先搜索,图
序列顺序查询,设计,数据流,有序集合
账户余额,数据库,None,None
等计数子串的数量,字符串,计数,前缀和
找出数组排序后的目标下标,数组,二分查找,排序
半径为 k 的子数组平均值,数组,滑动窗口,None
从数组中移除最大值和最小值,贪心,数组,None
找出知晓秘密的所有专家,深度优先搜索,广度优先搜索,并查集
赢得比赛的大学,数据库,None,None
找出 3 位偶数,数组,哈希表,枚举
删除链表的中间节点,链表,双指针,None
从二叉树一个节点到另一个节点每一步的方向,树,深度优先搜索,字符串
殊途同归,图,None,None
句子中的最多单词数,数组,字符串,None
从给定原材料中找到所有可以做出的菜,图,拓扑排序,数组
判断一个括号字符串是否有效,栈,贪心,字符串
一个区间内所有数乘积的缩写,数学,None,None
富有客户的数量,数据库,None,None
为订单类型为 0 的客户删除类型为 1 的订单,数据库,None,None
求以相同字母开头和结尾的子串总数,哈希表,数学,字符串
环和杆,哈希表,字符串,None
子数组范围和,栈,数组,单调栈
给植物浇水 II,数组,双指针,模拟
摘水果,数组,二分查找,前缀和
前往目标城市的最小费用,图,最短路,堆（优先队列）
找出数组中的第一个回文字符串,数组,双指针,字符串
向字符串添加空格,数组,双指针,字符串
股票平滑下跌阶段的数目,数组,数学,动态规划
使数组 K 递增的最少操作次数,数组,二分查找,None
将标题首字母大写,字符串,None,None
链表最大孪生和,栈,链表,双指针
连接两字母单词得到的最长回文串,贪心,数组,哈希表
反转两次的数字,数学,None,None
执行所有后缀指令,字符串,模拟,None
相同元素的间隔之和,数组,哈希表,前缀和
还原原数组,数组,哈希表,枚举
长度为 K 的最大偶数和子序列,贪心,数组,排序
检查是否所有 A 都在 B 之前,字符串,None,None
银行中的激光束数量,数组,数学,字符串
摧毁小行星,贪心,数组,排序
参加会议的最多员工数,深度优先搜索,图,拓扑排序
分享 K 个糖果后独特口味的数量,数组,哈希表,滑动窗口
打折购买糖果的最小开销,贪心,数组,排序
统计隐藏数组数目,数组,前缀和,None
价格范围内最高排名的 K 样物品,广度优先搜索,数组,矩阵
分隔长廊的方案数,数学,字符串,动态规划
最繁忙的机场,数据库,None,None
建立方程,数据库,None,None
检查是否每一行每一列都包含全部整数,数组,哈希表,矩阵
最少交换次数来组合所有的 1 II,数组,滑动窗口,None
统计追加字母可以获得的单词数,位运算,数组,哈希表
全部开花的最早一天,贪心,数组,排序
查询删除和添加元素后的数组,数组,None,None
使矩阵中的 1 互不相邻的最小操作数,图,数组,矩阵
将字符串拆分为若干长度为 k 的组,字符串,模拟,None
分组得分最高的所有下标,数组,None,None
解决智力问题,数组,动态规划,None
同时运行 N 台电脑的最长时间,贪心,数组,二分查找
拆分数位后四位数字的最小和,贪心,数学,排序
根据给定数字划分数组,数组,双指针,模拟
设置时间的最少代价,数学,枚举,None
删除元素后和的最小差值,数组,动态规划,堆（优先队列）
通过翻转行或列来去除所有的 1,位运算,数组,数学
元素计数,数组,排序,None
找出数组中的所有孤独数字,数组,哈希表,计数
按符号重排数组,数组,双指针,模拟
基于陈述统计最多好人数,位运算,数组,回溯
通过倒水操作让所有的水桶所含水量相等,数组,二分查找,None
将找到的值乘以 2,数组,哈希表,排序
查找给定哈希值的子串,字符串,滑动窗口,哈希函数
字符串分组,位运算,并查集,字符串
统计数组中相等且可以被整除的数对,数组,None,None
找到和为给定整数的三个连续整数,数学,模拟,None
拆分成最多数目的正偶数之和,贪心,数学,回溯
统计数组中好三元组数目,树状数组,线段树,数组
每辆车的乘客人数 I,数据库,None,None
在两个数组的区间中选取数字,数组,动态规划,None
对奇偶下标分别排序,数组,排序,None
重排数字的最小值,数学,排序,None
设计位集,设计,数组,哈希表
移除所有载有违禁货物车厢所需的最少时间,字符串,动态规划,None
穿过所有点的所需最少直线数量,位运算,几何,数组
得到 0 的操作数,数学,模拟,None
使数组变成交替数组的最少操作数,贪心,数组,哈希表
拿出最少数目的魔法豆,贪心,数组,枚举
数组的最大与和,位运算,数组,动态规划
统计包含给定前缀的字符串,数组,字符串,字符串匹配
制造字母异位词的最小步骤数 II,哈希表,字符串,计数
完成旅途的最少时间,数组,二分查找,None
完成比赛的最少时间,数组,动态规划,None
每辆车的乘客人数 II,数据库,None,None
每天绘制新区域的数量,线段树,数组,有序集合
统计各位数字之和为偶数的整数个数,数学,模拟,None
合并零之间的节点,链表,模拟,None
构造限制重复的字符串,贪心,字符串,计数
统计可以被 K 整除的下标对数目,数组,数学,数论
分别排序两列,数据库,None,None
每个数字的频率都相同的独特子字符串的数量,哈希表,字符串,计数
Excel 表中某个范围内的单元格,字符串,None,None
向数组中追加 K 个整数,贪心,数组,数学
根据描述创建二叉树,树,深度优先搜索,广度优先搜索
替换数组中的非互质数,栈,数组,数学
将数组划分成相等数对,位运算,数组,哈希表
字符串中最多数目的子序列,贪心,字符串,前缀和
将数组和减半的最少操作次数,贪心,数组,堆（优先队列）
用地毯覆盖后的最少白色砖块,字符串,动态规划,前缀和
数组中紧跟 key 之后出现最频繁的数字,数组,哈希表,计数
最多连胜的次数,数据库,None,None
通过翻转行或列来去除所有的 1 II,位运算,广度优先搜索,数组
世界排名的变化,数据库,None,None
统计数组中峰和谷的数量,数组,None,None
统计道路上的碰撞次数,栈,字符串,模拟
射箭比赛中的最大得分,位运算,数组,回溯
由单个字符重复的最长子字符串,线段树,数组,字符串
找出数组中的所有 K 近邻下标,数组,双指针,None
得到要求路径的最小带权子图,图,最短路,None
建造坚实的砖墙的方法数,位运算,数组,动态规划
转换数字的最少位翻转次数,位运算,None,None
数组的三角和,数组,数学,组合数学
选择建筑的方案数,字符串,动态规划,前缀和
构造字符串的总得分和,字符串,二分查找,字符串匹配
按奇偶性交换后的最大数字,排序,堆（优先队列）,None
向表达式添加括号后的最小结果,字符串,枚举,None
K 次增加后的最大乘积,贪心,数组,堆（优先队列）
花园的最大总美丽值,贪心,数组,双指针
多个数组求交集,数组,哈希表,计数
统计圆内格点数目,几何,数组,哈希表
统计包含每个点的矩形数目,树状数组,数组,二分查找
花期内花的数目,数组,哈希表,二分查找
找到每篇文章的主题,数据库,None,None
有资格享受折扣的用户数量,数据库,None,None
移除指定数字得到的最大结果,贪心,字符串,枚举
必须拿起的最小连续卡牌数,数组,哈希表,滑动窗口
含最多 K 个可整除元素的子数组,字典树,数组,哈希表
字符串的总引力,哈希表,字符串,动态规划
统计是给定字符串前缀的字符串数目,数组,字符串,None
最小平均差,数组,前缀和,None
统计网格图中没有被保卫的格子数,数组,矩阵,模拟
逃离火灾,广度优先搜索,数组,二分查找
转化时间需要的最少操作数,贪心,字符串,None
字符串中最大的 3 位相同数字,字符串,None,None
统计值等于子树平均值的节点数,树,深度优先搜索,二叉树
统计打字方案数,哈希表,数学,字符串
检查是否有合法括号字符串路径,数组,动态规划,矩阵
找到最接近 0 的数字,数组,None,None
买钢笔和铅笔的方案数,数学,枚举,None
设计一个 ATM 机器,贪心,设计,数组
节点序列的最大得分,图,数组,枚举
通关游戏所需的最低生命值,贪心,数组,None
不含特殊楼层的最大连续楼层数,数组,排序,None
按位与结果大于零的最长组合,位运算,数组,哈希表
统计区间中的整数数目,设计,线段树,有序集合
分割数组的方案数,数组,前缀和,None
毯子覆盖的最多白色砖块数,贪心,数组,二分查找
最大波动的子字符串,数组,动态规划,None
计算字符串的数字和,字符串,模拟,None
完成所有任务需要的最少轮数,贪心,数组,哈希表
转角路径的乘积中最多能有几个尾随零,数组,矩阵,前缀和
相邻字符不同的最长路径,树,深度优先搜索,图
字母在字符串中的百分比,字符串,None,None
装满石头的背包的最大数量,贪心,数组,排序
表示一个折线图的最少线段数,几何,数组,数学
巫师的总力量和,栈,数组,前缀和
数组的最大总分,数组,前缀和,None
7 天内两次购买的用户,数据库,None,None
查找可享受优惠的用户,数据库,None,None
重排字符形成目标字符串,哈希表,字符串,计数
价格减免,字符串,None,None
使数组按非递减顺序排列,栈,数组,链表
到达角落需要移除障碍物的最小数目,广度优先搜索,图,数组
司机成为乘客的次数,数据库,None,None
判断一个数的数字计数是否等于数位的值,哈希表,字符串,计数
最多单词数的发件人,数组,哈希表,字符串
道路的最大总重要性,贪心,图,排序
以组为单位订音乐会的门票,设计,树状数组,线段树
表的动态旋转,数据库,None,None
动态取消表的旋转,数据库,None,None
两整数相加,数学,None,None
判断根结点是否等于子结点之和,树,二叉树,None
计算街道上满足所需亮度的位置数量,数组,前缀和,None
极大极小游戏,数组,模拟,None
划分数组使最大差为 K,贪心,数组,排序
替换数组中的元素,数组,哈希表,模拟
设计一个文本编辑器,栈,设计,链表
公司命名,位运算,数组,哈希表
强密码检验器 II,字符串,None,None
咒语和药水的成功对数,数组,双指针,二分查找
替换字符后匹配,数组,哈希表,字符串
统计得分小于 K 的子数组数目,数组,二分查找,前缀和
小于等于 K 的最长二进制子序列,贪心,记忆化搜索,字符串
设计视频共享平台,栈,设计,哈希表
统计放置房子的方式数,动态规划,None,None
判断矩阵是否是一个 X 矩阵,数组,矩阵,None
二叉树中得到结果所需的最少翻转次数,树,深度优先搜索,动态规划
从树中删除边的最小分数,位运算,树,深度优先搜索
统计星号,字符串,None,None
操作后的最大异或和,位运算,数组,数学
统计无向图中无法互相到达点对数,深度优先搜索,广度优先搜索,并查集
不同骰子序列的数目,记忆化搜索,动态规划,None
最少按键次数,贪心,哈希表,字符串
解密消息,哈希表,字符串,None
知道秘密的人数,队列,动态规划,模拟
网格图中递增路径的数目,深度优先搜索,广度优先搜索,图
螺旋矩阵 IV,数组,链表,矩阵
装满杯子需要的最短总时长,贪心,数组,排序
无限集中的最小数字,设计,哈希表,堆（优先队列）
移动片段得到字符串,双指针,字符串,None
统计理想数组的数目,数学,动态规划,组合数学
计算布尔二叉树的值,树,深度优先搜索,二叉树
坐上公交的最晚时间,数组,双指针,二分查找
最小差值平方和,数组,数学,排序
元素值大于变化阈值的子数组,栈,并查集,数组
树中最接近路径的节点,树,深度优先搜索,广度优先搜索
数组能形成多少数对,数组,哈希表,计数
裁剪数字后查询第 K 小的数字,数组,字符串,分治
使数组可以被整除的最少删除次数,数组,数学,数论
在一个网格中可以看到的人数,栈,数组,矩阵
最大股票收益,数组,动态规划,None
第一个出现两次的字母,位运算,哈希表,字符串
相等行列对,数组,哈希表,矩阵
设计食物评分系统,设计,哈希表,有序集合
优质数对的数目,位运算,数组,哈希表
连续两年有 3 个及以上订单的产品,数据库,None,None
全 0 子数组的数目,数组,数学,None
最好的扑克手牌,数组,哈希表,计数
设计数字容器系统,设计,哈希表,有序集合
不可能得到的最短骰子序列,贪心,数组,哈希表
使数组中所有元素都等于零,贪心,数组,哈希表
分组的最大数量,贪心,数组,数学
找到离给定两个节点最近的节点,深度优先搜索,图,None
图中的最长环,深度优先搜索,图,拓扑排序
周末任务计数,数据库,None,None
按性别排列表格,数据库,None,None
算术三元组的数目,数组,哈希表,双指针
检查数组是否存在有效划分,数组,动态规划,None
最长理想子序列,哈希表,字符串,动态规划
受限条件下可到达节点的数目,树,深度优先搜索,广度优先搜索
每个城市最高气温的第一天,数据库,None,None
合并相似的物品,数组,哈希表,有序集合
统计坏数对的数目,数组,哈希表,None
预算内的最多机器人数目,队列,数组,二分查找
将数组排序的最少替换次数,贪心,数组,数学
产品销售分析 IV,数据库,None,None
产品销售分析Ⅴ,数据库,None,None
联赛的所有比赛,数据库,None,None
矩阵中的局部最大值,数组,矩阵,None
边积分最高的节点,图,哈希表,None
根据模式串构造最小数字,栈,贪心,字符串
统计特殊整数,数学,动态规划,None
完成所有工作的最短时间 II,贪心,数组,排序
赢得比赛需要的最少训练时长,贪心,数组,None
感染二叉树需要的总时间,树,深度优先搜索,广度优先搜索
找出数组的第 K 大和,数组,排序,堆（优先队列）
得到 K 个黑块的最少涂色次数,字符串,滑动窗口,None
二进制字符串重新安排顺序需要的时间,字符串,动态规划,模拟
字母移位 II,数组,字符串,前缀和
删除操作后的最大子段和,并查集,数组,有序集合
验证回文串 IV,双指针,字符串,None
和有限的最长子序列,贪心,数组,二分查找
从字符串中移除星号,栈,字符串,模拟
收集垃圾的最少总时间,数组,字符串,前缀和
给定条件下构造矩阵,图,拓扑排序,数组
数位和相等数对的最大和,数组,哈希表,排序
生成有效数组的最少交换次数,贪心,数组,None
最大回文数字,贪心,哈希表,字符串
检查相同字母间的距离,数组,哈希表,字符串
恰好移动 k 步到达某一位置的方法数目,数学,动态规划,组合数学
最长优雅子数组,位运算,数组,滑动窗口
会议室 III,数组,哈希表,排序
和相等的子数组,数组,哈希表,None
严格回文的数字,脑筋急转弯,数学,双指针
被列覆盖的最多行数,位运算,数组,回溯
任务调度器 II,数组,哈希表,模拟
以百分比计算排名,数据库,None,None
寻找可见山的数量,栈,数组,排序
出现最频繁的偶数元素,数组,哈希表,计数
子字符串的最优划分,贪心,哈希表,字符串
将区间分为最少组数,贪心,数组,双指针
通过移动项目到空白区域来排序数组,贪心,数组,排序
你能拿走的最大图书数量,栈,数组,动态规划
最小偶倍数,数学,数论,None
最长的字母序连续子字符串的长度,字符串,None,None
反转二叉树的奇数层,树,深度优先搜索,广度优先搜索
字符串的前缀分数和,字典树,数组,字符串
每位教师所教授的科目种类的数量,数据库,None,None
统计共同度过的日子数,数学,字符串,None
运动员和训练师的最大匹配数,贪心,数组,双指针
按位或最大的最小子数组长度,位运算,数组,二分查找
完成所有交易的初始最少钱数,贪心,数组,排序
乘坐火车路线的最少费用,数组,动态规划,None
生成发票,数据库,None,None
按身高排序,数组,哈希表,字符串
按位与最大的最长子数组,位运算,脑筋急转弯,数组
找到所有好下标,数组,动态规划,前缀和
好路径的数目,树,并查集,图
最小化网格中的最大值,并查集,图,拓扑排序
公因子的数目,数学,枚举,数论
沙漏的最大总和,数组,矩阵,前缀和
最小异或,贪心,位运算,None
对字母串可执行的最大删除数,字符串,动态规划,字符串匹配
将字符串分割成值不超过 K 的子字符串,贪心,字符串,动态规划
最长上传前缀,并查集,设计,树状数组
满足不等式的数对数目,树状数组,线段树,数组
计算每个销售人员的影响力,数据库,None,None
整理奥运表,数据库,None,None
选择边来最大化树的得分,树,深度优先搜索,动态规划
处理用时最长的那个任务的员工,数组,None,None
找出前缀异或的原始数组,位运算,数组,None
使用机器人打印字典序最小的字符串,栈,贪心,哈希表
矩阵中和能被 K 整除的路径,数组,动态规划,矩阵
行排序矩阵的中位数,数组,二分查找,矩阵
将表中的空值更改为前一个值,数据库,None,None
与对应负数同时存在的最大正整数,数组,哈希表,双指针
反转之后不同整数的数目,数组,哈希表,数学
最长递增子序列 II,树状数组,线段树,队列
统计定界子数组的数目,队列,数组,滑动窗口
有效时间的数目,字符串,枚举,None
二的幂数组中查询范围内的乘积,位运算,数组,前缀和
最小化数组中的最大值,贪心,数组,二分查找
创建价值相同的连通块,树,深度优先搜索,数组
删除字符使频率相同,哈希表,字符串,计数
所有数对的异或和,位运算,脑筋急转弯,数组
开除员工,数据库,None,None
严格递增的子数组个数,数组,数学,动态规划
判断两个事件是否存在冲突,数组,字符串,None
杀死所有怪物的最短时间,位运算,数组,动态规划
使数组相等的最小开销,贪心,数组,二分查找
使数组相似的最少操作次数,贪心,数组,排序
把三角形染成红色,数组,数学,None
反转之后的数字和,数学,枚举,None
可被三整除的偶数的平均值,数组,数学,None
最流行的视频创作者,数组,哈希表,字符串
美丽整数的最小增量,贪心,数学,None
移除子树后的二叉树高度,树,深度优先搜索,广度优先搜索
最大公因数等于 K 的子数组数目,数组,数学,数论
差值数组不同的字符串,数组,哈希表,字符串
摧毁一系列目标,数组,哈希表,计数
下一个更大元素 IV,栈,数组,二分查找
距离字典两次编辑以内的单词,数组,字符串,None
对数组执行操作,数组,模拟,None
长度为 K 子数组中的最大和,数组,哈希表,滑动窗口
雇佣 K 位工人的总代价,数组,双指针,模拟
最小移动总距离,数组,动态规划,排序
设计 SQL,设计,数组,哈希表
温度转换,数学,None,None
最小公倍数为 K 的子数组数目,数组,数学,数论
逐层排序二叉树所需的最少操作数目,树,广度优先搜索,二叉树
不重叠回文子字符串的最大数目,字符串,动态规划,None
最近的公平整数,数学,枚举,None
不同的平均值数目,数组,哈希表,双指针
统计构造好字符串的方案数,动态规划,None,None
根据限制分割消息,字符串,二分查找,None
树上最大得分和路径,树,深度优先搜索,广度优先搜索
使用合并操作将数组转换为回文序列,贪心,数组,双指针
数组中不等三元组的数目,数组,哈希表,排序
二叉搜索树最近节点查询,树,深度优先搜索,二叉搜索树
到达首都的最少油耗,树,深度优先搜索,广度优先搜索
完美分割的方案数,字符串,动态规划,None
最大限度地提高购买水果的口味,数组,动态规划,None
找出中枢整数,数学,前缀和,None
追加字符以获得子序列,贪心,双指针,字符串
从链表中移除节点,栈,递归,链表
统计中位数为 K 的子数组,数组,哈希表,前缀和
分割圆的最少切割次数,几何,数学,None
商店的最少代价,字符串,前缀和,None
统计回文子序列数目,字符串,动态规划,None
使子数组最大公约数大于一的最小分割数,贪心,数组,数学
回环句,字符串,None,None
划分技能点相等的团队,数组,哈希表,双指针
两个城市间路径的最小分数,深度优先搜索,广度优先搜索,并查集
将节点分成尽可能多的组,广度优先搜索,并查集,图
值为 1 的节点数,树,深度优先搜索,广度优先搜索
删除每行中的最大值,数组,矩阵,排序
数组中最长的方波,数组,哈希表,二分查找
设计内存分配器,设计,数组,哈希表
矩阵查询可获得的最大分数,广度优先搜索,并查集,数组
数组中字符串的最大值,数组,字符串,None
图中最大星和,贪心,图,数组
青蛙过河 II,贪心,数组,二分查找
让数组不相等的最小总代价,贪心,数组,哈希表
应用操作后不同二进制字符串的数量,数学,字符串,None
统计相似字符串对的数目,数组,哈希表,字符串
使用质因数之和替换后可以取到的最小值,数学,数论,None
添加边使所有节点度数都为偶数,图,哈希表,None
查询树中环的长度,树,二叉树,None
到目标字符串的最短距离,数组,字符串,None
每种字符至少取 K 个,哈希表,字符串,滑动窗口
礼盒的最大甜蜜度,数组,二分查找,排序
好分区的数目,数组,动态规划,None
最多可以摧毁的敌人城堡数目,数组,双指针,None
奖励最顶尖的 K 名学生,数组,哈希表,字符串
使数组中所有元素相等的最小操作数 II,贪心,数组,数学
统计同位异构字符串数目,哈希表,数学,字符串
行和列中一和零的差值,数组,矩阵,模拟
有效分割中的最少子数组数目,数组,数学,动态规划
统计能整除数字的位数,数学,None,None
数组乘积中的不同质因数数目,数组,哈希表,数学
范围内最接近的两个质数,数学,数论,None
购买苹果的最低成本,图,数组,最短路
购买量严格增加的客户,数据库,None,None
正整数和负整数的最大计数,数组,二分查找,计数
使字符串中不同字符的数目相等,哈希表,字符串,计数
执行 K 次操作后的最大分数,贪心,数组,堆（优先队列）
通过门的时间,队列,数组,模拟
最大化城市的最小电量,贪心,队列,数组
根据规则将箱子分类,数学,None,None
找到数据流中的连续整数,设计,队列,哈希表
查询数组异或美丽值,位运算,数组,数学
形成化学键,数据库,None,None
两个不重叠子树的最大异或值,树,深度优先搜索,图
数组元素和与数字和的绝对差,数组,数学,None
子矩阵元素加 1,数组,矩阵,前缀和
统计好子数组的数目,数组,哈希表,滑动窗口
最大价值和与最小价值和的差值,树,深度优先搜索,数组
最小化两个数组中的最大值,数学,二分查找,数论
固定比率的子字符串数,哈希表,数学,字符串
交替数字和,数学,None,None
根据第 K 场考试的分数排序,数组,矩阵,排序
执行逐位运算使字符串相等,位运算,字符串,None
拆分数组的最小代价,数组,哈希表,动态规划
最小公共值,数组,哈希表,双指针
判断一个点是否可以到达,数学,数论,None
最大子序列的分数,贪心,数组,排序
合并在同一个大厅重叠的活动,数据库,None,None
乘积为偶数的子数组数,数组,数学,动态规划
分割数组中数字的数位,数组,模拟,None
从一个范围内选择最多整数 I,贪心,数组,哈希表
二进制矩阵中翻转最多一次使路径不连通,深度优先搜索,广度优先搜索,数组
过桥的时间,数组,模拟,堆（优先队列）
把名字和职业联系起来,数据库,None,None
所有子序列和的按位或,位运算,脑筋急转弯,数组
递枕头,数学,模拟,None
二叉树中的第 K 大层和,树,广度优先搜索,二叉树
分割数组使乘积互质,数组,哈希表,数学
获得分数的方法数,数组,动态规划,None
统计染色格子数,数学,None,None
最小和分割,贪心,数学,排序
统计将重叠区间合并成组的方案数,数组,排序,None
统计可能的树根数目,树,深度优先搜索,哈希表
检查是否有路径经过相同数量的 0 和 1,数组,动态规划,矩阵
统计范围内的元音字符串数,数组,字符串,None
重排数组以得到最大前缀分数,贪心,数组,前缀和
统计美丽子数组数目,位运算,数组,哈希表
完成所有任务的最少时间,栈,贪心,数组
统计 K-Big 索引的数量,树状数组,线段树,数组
奇偶位数,位运算,None,None
执行操作后的最大 MEX,贪心,数组,哈希表
检查骑士巡视方案,深度优先搜索,广度优先搜索,数组
将钱分给最多的儿童,贪心,数学,None
最大化数组的伟大值,贪心,数组,双指针
修车的最少时间,数组,二分查找,None
吃掉所有谷子的最短时间,数组,二分查找,排序
子数组的最大频率分数,数组,哈希表,数学
从两个数字数组里生成最小数字,数组,哈希表,枚举
找到最大开销的子字符串,数组,哈希表,字符串
使子数组元素和相等,数组,数学,数论
图中的最短环,广度优先搜索,图,None
好二进制字符串的数量,动态规划,None,None
两个线段获得的最多奖品,数组,二分查找,滑动窗口
使前缀和数组非负,贪心,数组,堆（优先队列）
查询网格图中每一列的宽度,数组,矩阵,None
一个数组所有前缀的分数,数组,前缀和,None
二叉树的堂兄弟节点 II,树,深度优先搜索,广度优先搜索
设计可以求最短路径的图类,图,设计,最短路
统计桌面上的不同数字,数组,哈希表,数学
猴子碰撞的方法数,递归,数学,None
将珠子放入背包中,贪心,数组,排序
统计上升四元组,树状数组,数组,动态规划
好子序列的个数,哈希表,数学,字符串
保龄球游戏的获胜者,数组,模拟,None
找出叠涂元素,数组,哈希表,矩阵
前往目标的最小代价,图,数组,最短路
字典序最小的美丽字符串,贪心,字符串,None
设计一个待办事项清单,设计,数组,哈希表
重排水果,贪心,数组,哈希表
打家劫舍 IV,数组,二分查找,None
统计范围内的元音字符串数,数组,字符串,前缀和
从数量最多的堆取走礼物,数组,模拟,堆（优先队列）
填满背包的最大价格,贪心,数组,排序
找出可整除性得分最大的整数,数组,None,None
标记所有元素后数组的分数,数组,排序,模拟
美丽子集的数目,数组,动态规划,回溯
网格图中最少访问的格子数,栈,广度优先搜索,并查集
找出数组的串联值,数组,双指针,模拟
统计公平数对的数目,数组,双指针,二分查找
子字符串异或查询,位运算,数组,哈希表
最少得分子序列,双指针,字符串,二分查找
从一个范围内选择最多整数 II,贪心,数组,二分查找
更新数组后处理求和查询,线段树,数组,None
替换一个数字后的最大差值,贪心,数学,None
最小无法得到的或值,位运算,脑筋急转弯,数组
修改两个元素的最小分数,贪心,数组,排序
合并两个二维数组 - 求和法,数组,哈希表,双指针
找出对应 LCP 矩阵的字符串,贪心,并查集,数组
无平方子集计数,位运算,数组,数学
将整数减少到零需要的最少操作数,贪心,位运算,动态规划
在网格图中访问一个格子的最少时间,广度优先搜索,图,数组
求出最多标记下标,贪心,数组,双指针
找出字符串的可整除数组,数组,数学,字符串
左右元素和的差值,数组,前缀和,None
K 件物品的最大和,贪心,数学,None
质数减法运算,贪心,数组,数学
收集树中金币,树,图,拓扑排序
使数组元素全部相等的最少操作次数,数组,二分查找,前缀和
美数对,几何,数组,数学
最小化数对的最大差值,贪心,数组,二分查找
等值距离和,数组,哈希表,前缀和
对角线上的质数,数组,数学,矩阵
最长平衡子字符串,字符串,None,None
转换二维数组,数组,哈希表,None
老鼠和奶酪,贪心,数组,排序
最少翻转操作数,广度优先搜索,数组,有序集合
老人的数目,数组,字符串,None
矩阵中的和,数组,矩阵,排序
使数字变为非正数的最小操作次数,数组,二分查找,None
最大或值,贪心,位运算,数组
构造有效字符串的最少插入数,栈,贪心,字符串
一最多的行,数组,矩阵,None
统计 K-Free 子集的总数,数组,动态规划,排序
最小化旅行的价格总和,树,深度优先搜索,图
计算列车到站时间,数学,None,None
滑动子数组的美丽值,数组,哈希表,滑动窗口
倍数求和,数学,None,None
使数组所有元素变成 1 的最少操作次数,数组,数学,数论
一个小组的最大实力值,贪心,数组,回溯
字符串中的额外字符,字典树,数组,哈希表
购买两块巧克力,数组,排序,None
统计整数数目,数学,字符串,动态规划
网格图中鱼的最大数目,深度优先搜索,广度优先搜索,并查集
将数组清空,贪心,树状数组,线段树
找到两个数组的前缀公共数组,位运算,数组,哈希表
K 个元素的最大和,贪心,数组,None
找出不同元素数目差数组,数组,哈希表,None
频率跟踪器,设计,哈希表,None
有相同颜色的相邻元素数目,数组,None,None
使二叉树所有路径值相等的最小代价,贪心,树,数组
英雄的力量,数组,数学,动态规划
半有序排列,数组,模拟,None
找到最长的半重复子字符串,字符串,滑动窗口,None
移动机器人,脑筋急转弯,数组,前缀和
找出转圈游戏输家,数组,哈希表,模拟
相邻值的按位异或,位运算,数组,None
统计完全连通分量的数量,深度优先搜索,广度优先搜索,图
矩阵中移动的最大次数,数组,动态规划,矩阵
删除子串后的字符串最小长度,栈,字符串,模拟
对角线上不同值的数量差,数组,哈希表,矩阵
求一个整数的惩罚数,数学,回溯,None
修改图中的边权,图,最短路,堆（优先队列）
给墙壁刷油漆,数组,动态规划,None
收集巧克力,数组,枚举,None
k-avoiding 数组的最小总和,贪心,数学,None
找出最大的可达成数字,数学,None,None
寻找最大长度的未覆盖区间,数组,排序,None
字典序最小回文串,贪心,双指针,字符串
使所有字符相等的最小成本,贪心,字符串,动态规划
矩阵中严格递增的单元格数,记忆化搜索,数组,二分查找
移除字符串中的尾随零,字符串,None,None
巡逻的骑士,数组,回溯,矩阵
判断一个数是否迷人,哈希表,数学,None
最小化字符串长度,哈希表,字符串,None
找到矩阵中的好子集,贪心,位运算,数组
最大公约数遍历,并查集,数组,数学
执行子串操作后的字典序最小字符串,贪心,字符串,None
查询员工当前薪水,数据库,None,None
统计 Spotify 排行榜上艺术家出现次数,数据库,None,None
美丽下标对的数目,数组,数学,数论
找出最长等值子数组,数组,哈希表,二分查找
统计没有收到请求的服务器数目,数组,哈希表,排序
重新放置石块,数组,哈希表,排序
拆分循环链表,链表,双指针,None
既不是最小值也不是最大值,数组,排序,None
得到整数零需要执行的最少操作数,位运算,脑筋急转弯,None
查询后矩阵的和,数组,哈希表,None
最大和查询,栈,树状数组,线段树
即时食物配送 III,数据库,None,None
自行车的最后使用时间,数据库,None,None
查找活跃用户,数据库,None,None
从 Rope 树中提取第 K 个字符,树,深度优先搜索,二叉树
特殊元素平方和,数组,枚举,None
找出分区值,数组,排序,None
机器人碰撞,栈,数组,排序
最大字符串配对数目,数组,哈希表,字符串
特别的排列,位运算,数组,状态压缩
所有子数组中不平衡数字之和,数组,哈希表,有序集合
构造最长的新字符串,贪心,脑筋急转弯,数学
在连续天数上进行了最多交易次数的顾客,数据库,None,None
连续递增交易,数据库,None,None
字符串连接删减字母,数组,字符串,动态规划
达到末尾下标所需的最大跳跃次数,数组,动态规划,None
统计完全子数组的数目,数组,哈希表,滑动窗口
总行驶距离,数学,模拟,None
找到最短路径的 K 次跨越,图,最短路,堆（优先队列）
最长奇偶子数组,数组,滑动窗口,None
将数组划分成若干好子数组的方式,数组,数学,None
不间断子数组,队列,数组,有序集合
构造最长非递减子数组,数组,动态规划,None
最长交替子数组,数组,枚举,None
翻倍以链表形式表示的数字,栈,链表,数学
合并后数组中的最大元素,贪心,数组,None
和等于目标值的质数对,数组,数学,枚举
受欢迎度百分比,数据库,None,None
计算一个环形街道上的房屋数量,数组,交互,None
满足目标工作时长的员工数目,数组,None,None
包含三个字符串的最短字符串,贪心,字符串,枚举
使数组中的所有元素都等于零,数组,前缀和,None
得到 K 个半回文串的最少修改次数,双指针,字符串,动态规划
找到最近的标记节点,图,数组,最短路
按分隔符拆分字符串,数组,字符串,None
将一个数字表示成幂的和的方案数,动态规划,None,None
将字符串分割为最少的美丽子字符串,哈希表,字符串,动态规划
最长合法子字符串的长度,数组,哈希表,字符串
统计文本中单词的出现次数,数据库,None,None
故障键盘,字符串,模拟,None
将字符串中的元音字母排序,字符串,排序,None
合法分割的最小下标,数组,哈希表,排序
黑格子的数目,数组,哈希表,枚举
计算没有重复字符的子字符串数量,哈希表,字符串,滑动窗口
数组的最大美丽值,数组,二分查找,排序
检查数组是否是好的,数组,哈希表,排序
访问数组中的位置使分数最大,数组,动态规划,None
子序列最大优雅度,贪心,数组,哈希表
数组中的最大数对和,数组,哈希表,None
在链表中插入最大公约数,链表,数学,数论
将三个组排序,数组,二分查找,动态规划
树中可以形成回文的路径数,位运算,树,深度优先搜索
找出最安全路径,广度优先搜索,并查集,数组
统计趣味子数组的数目,数组,哈希表,前缀和
判断是否能拆分数组,贪心,数组,动态规划
统计和小于目标的下标对数目,数组,双指针,二分查找
数组是否表示某二叉树的前序遍历,栈,树,深度优先搜索
长度递增组的最大数目,贪心,数组,数学
使循环数组所有元素相等的最少秒数,数组,哈希表,None
统计范围内的步进数字数目,字符串,动态规划,None
特殊二叉树的高度,树,深度优先搜索,广度优先搜索
使数组和小于等于 x 的最少时间,数组,动态规划,排序
统计距离为 k 的点对,位运算,数组,哈希表
几乎唯一子数组的最大和,数组,哈希表,滑动窗口
取整购买后的账户余额,数学,None,None
判别首字母缩略词,数组,字符串,None
判断通过操作能否让字符串相等 II,哈希表,字符串,排序
销售利润最大化,数组,哈希表,二分查找
唯一类别的数量,并查集,计数,交互
统计对称整数的数目,数学,枚举,None
判断通过操作能否让字符串相等 I,字符串,None,None
限制条件下元素之间的最小绝对差,数组,二分查找,有序集合
操作使得分最大,栈,贪心,数组
航班入座率和等待名单分析,数据库,None,None
计算足够大的节点数,树,深度优先搜索,分治
范围中美丽整数的数目,数学,动态规划,None
循环增长使字符串子序列等于另一个字符串,双指针,字符串,None
距离原点最远的点,字符串,计数,None
字符串转换,数学,字符串,动态规划
使子序列的和等于目标的最少操作次数,贪心,位运算,数组
找出美丽数组的最小和,贪心,数学,None
找出第 K 个幸运数字,位运算,数学,字符串
构造乘积矩阵,数组,矩阵,前缀和
在传球游戏中最大化函数值,位运算,数组,动态规划
执行操作使两个字符串相等,字符串,动态规划,None
与车相交的点,数组,哈希表,前缀和
避免淹死并到达目的地的最短时间,广度优先搜索,数组,矩阵
收集元素的最少操作次数,位运算,数组,哈希表
使数组成为递增数组的最少右移次数,数组,None,None
生成特殊数字的最少操作,贪心,数学,字符串
完全子集的最大元素和,数组,数学,数论
最大二进制奇数,贪心,数学,字符串
判断能否在给定时间到达单元格,数学,None,None
统计一个字符串的 k 子序列美丽值最大的数目,贪心,哈希表,数学
可以被 K 整除连通块的最大数目,树,深度优先搜索,None
购买巧克力后的最小相对损失,数组,二分查找,前缀和
边权重均等查询,树,图,数组
将数组分割成最多数目的子数组,贪心,位运算,数组
删除数对后的最小数组长度,贪心,数组,哈希表
每个元素为最大值的最大范围,栈,数组,单调栈
和带限制的子多重集合的数目,数组,哈希表,动态规划
将石头分散到网格图的最少移动次数,广度优先搜索,数组,动态规划
计算 K 置位下标对应元素的和,位运算,数组,None
使数组为空的最少操作次数,贪心,数组,哈希表
最大合金数,数组,二分查找,None
总旅行距离,数据库,None,None
,数组,双指针,二分查找
让所有学生保持开心的分组方法数,数组,枚举,排序
可以到达每一个节点的最少边反转次数,深度优先搜索,广度优先搜索,图
和为目标值的最长子序列的长度,数组,动态规划,None
购买物品的最大开销,贪心,数组,矩阵
给定数字乘积的最小数字,贪心,数学,None
统计树中的合法路径数目,树,深度优先搜索,数学
美丽塔 II,栈,数组,单调栈
美丽塔 I,栈,数组,单调栈
子数组不同元素数目的平方和 II,树状数组,线段树,数组
有向图访问计数,图,记忆化搜索,动态规划
无限数组的最短子数组,数组,哈希表,前缀和
最长相邻不相等子序列 II,数组,字符串,动态规划
最长相邻不相等子序列 I,贪心,数组,字符串
所有单元格的远离程度之和,深度优先搜索,广度优先搜索,并查集
最短且字典序最小的美丽子字符串,字符串,滑动窗口,None
最小处理时间,贪心,数组,排序
有序三元组中的最大值 II,数组,None,None
对数组执行操作使平方和最大,贪心,位运算,数组
有序三元组中的最大值 I,数组,None,None
最高薪水差异,数据库,None,None
滚动平均步数,数据库,None,None
最长半递减数组,数组,哈希表,排序
计算每个区间内的订单,数据库,None,None
子数组不同元素数目的平方和 I,数组,哈希表,None
上一个遍历的整数,数组,模拟,None
找出满足差值条件的下标 I,数组,双指针,None
合法分组的最少组数,贪心,数组,哈希表
找出满足差值条件的下标 II,数组,双指针,None
数组的最小相等和,贪心,数组,None
分类求和并作差,数学,None,None
单词游戏,数组,数学,双指针
使二进制字符串变美丽的最少修改次数,字符串,None,None
元素和最小的山形三元组 I,数组,None,None
将相邻元素相乘后得到最小化数组,贪心,数组,动态规划
使数组变美的最小增量运算数,数组,动态规划,None
收集所有金币可获得的最大积分,位运算,树,深度优先搜索
找到 Alice 和 Bob 可以相遇的建筑,栈,树状数组,线段树
最大线性股票得分,数组,哈希表,None
找出数组中的 K-or 值,位运算,数组,None
平衡子序列的最大和,树状数组,线段树,数组
元素和最小的山形三元组 II,数组,None,None
价格递增的最大利润三元组 I,树状数组,线段树,数组
找到冠军 I,数组,矩阵,None
找到冠军 II,图,None,None
最大化数组末位元素的最少操作次数,数组,枚举,None
在树上执行操作以后得到的最大分数,树,深度优先搜索,动态规划
最大异或乘积,贪心,位运算,数学
找出强数对的最大异或值 I,位运算,字典树,数组
查找包含给定字符的单词,数组,字符串,None
区分黑球与白球,贪心,双指针,字符串
执行操作使频率分数最大,数组,二分查找,前缀和
找出强数对的最大异或值 II,位运算,字典树,数组
在网格上移动到目的地的方法数,数学,动态规划,组合数学
给小朋友们分糖果 I,数学,组合数学,枚举
重新排列后包含指定子字符串的字符串数目,数学,动态规划,组合数学
给小朋友们分糖果 II,数学,组合数学,枚举
高访问员工,数组,哈希表,字符串
回文串重新排列查询,哈希表,字符串,前缀和
价格递增的最大利润三元组 II,树状数组,线段树,数组
市场分析 III,数据库,None,None
找到两个数组中的公共元素,数组,哈希表,None
使三个字符串相等,字符串,None,None
统计美丽子字符串 II,哈希表,数学,字符串
购买水果需要的最少金币数,队列,数组,动态规划
统计美丽子字符串 I,字符串,枚举,前缀和
找到最大非递减数组的长度,栈,队列,数组
统计好分割方案的数目,数组,哈希表,数学
统计最大元素出现至少 K 次的子数组,数组,滑动窗口,None
最大化网格图中正方形空洞的面积,数组,排序,None
循环移位后的矩阵相似检查,数组,数学,矩阵
给小朋友们分糖果 III,数学,组合数学,None
关闭分部的可行集合数目,位运算,图,枚举
树中每个节点放置的金币数目,树,深度优先搜索,动态规划
交换得到字典序最小的数组,并查集,数组,排序
统计已测试设备,数组,模拟,None
找出峰值,数组,枚举,None
包含相等值数字块的数量,数组,二分查找,分治
统计完全子字符串,哈希表,字符串,滑动窗口
统计感冒序列的数目,数组,数学,组合数学
最多 K 个重复元素的最长子数组,数组,哈希表,滑动窗口
最小数字游戏,数组,排序,模拟
找出缺失和重复的数字,数组,哈希表,数学
移除后集合的最多元素数,贪心,数组,哈希表
使数组成为等数数组的最小代价,贪心,数组,数学
消除相邻近似相等字符,贪心,字符串,动态规划
需要添加的硬币的最小数量,贪心,数组,排序
子数组的最大 GCD-Sum,数组,数学,二分查找
执行操作后的最大分割数量,位运算,字符串,动态规划
双模幂运算,数组,数学,模拟
转换字符串的最小成本 I,图,数组,字符串
大于等于顺序前缀和的最小缺失整数,数组,哈希表,排序
可整除子串的数量,哈希表,字符串,计数
转换字符串的最小成本 II,图,字典树,数组
使 X 和 Y 相等的最少操作次数,广度优先搜索,记忆化搜索,动态规划
价值和小于等于 K 的最大数字,位运算,二分查找,动态规划
划分数组并满足最大差限制,贪心,数组,排序
最大频率元素计数,数组,哈希表,计数
统计强大整数的数目,数学,字符串,动态规划
通过操作使数组长度最小,贪心,数组,数学
找出数组中的美丽下标 I,双指针,字符串,二分查找
检查按位或是否存在尾随零,位运算,数组,None
同端子串的数量,数组,哈希表,字符串
统计移除递增子数组的数目 II,数组,双指针,二分查找
使数组异或和等于 K 的最少操作次数,位运算,数组,None
移除栅栏得到的正方形田地的最大面积,数组,哈希表,枚举
对角线最长的矩形的面积,数组,None,None
统计移除递增子数组的数目 I,数组,双指针,二分查找
对称坐标,数据库,None,None
可被整除的三元组数量,数组,哈希表,None
披萨配料成本分析,数据库,None,None
寻找数据科学家职位的候选人,数据库,None,None
最大化商品,数据库,None,None
根据长度分类三角形,数据库,None,None
二叉树节点,数据库,None,None
将数组分成最小总代价的子数组 II,数组,哈希表,滑动窗口
给定操作次数内使剩余元素的或值最小,贪心,位运算,数组
找到最大周长的多边形,贪心,数组,前缀和
将数组分成最小总代价的子数组 I,数组,枚举,排序
最大好子数组和,数组,哈希表,前缀和
找出出现至少三次的最长特殊子字符串 II,哈希表,字符串,二分查找
找出出现至少三次的最长特殊子字符串 I,哈希表,字符串,二分查找
购买水果需要的最少金币数 II,队列,数组,动态规划
匹配模式数组的子数组数目 I,数组,字符串匹配,哈希函数
捕获黑皇后需要的最少移动次数,数组,枚举,None
按距离统计房屋对数目 I,广度优先搜索,图,前缀和
找出网格的区域平均强度,数组,矩阵,None
最贵的无法购买的商品,数学,动态规划,数论
输入单词需要的最少按键次数 I,贪心,数学,字符串
输入单词需要的最少按键次数 II,贪心,哈希表,字符串
人员站位的方案数 II,几何,数组,数学
人员站位的方案数 I,几何,数组,数学
Alice 和 Bob 玩鲜花游戏,数学,None,None
找到每座城市的高峰通话时间,数据库,None,None
计算订单平均商品数量,数据库,None,None
找到第三笔交易,数据库,None,None
寻找房价最贵的城市,数据库,None,None
最大部门的经理,数据库,None,None
班级表现,数据库,None,None
贷款类型,数据库,None,None
最好的三家酒庄,数据库,None,None
标记所有下标的最早秒数 II,贪心,数组,二分查找
匹配模式数组的子数组数目 II,数组,字符串匹配,哈希函数
判断一个数组是否可以变为有序,位运算,数组,排序
标记所有下标的最早秒数 I,数组,二分查找,None
自整除排列的数量,位运算,递归,数组
将单词恢复初始状态所需的最短时间 II,字符串,字符串匹配,哈希函数
将单词恢复初始状态所需的最短时间 I,字符串,字符串匹配,哈希函数
修改数组后最大化数组中的连续元素数目,数组,动态规划,排序
子集中元素的最大数量,数组,哈希表,枚举
发生在周五的交易 I,数据库,None,None
发生在周五的交易 II,数据库,None,None
观众变主播,数据库,None,None
找出数组中的美丽下标 II,双指针,字符串,二分查找
相同颜色的最大子树,树,深度优先搜索,数组
统计前后缀下标对 II,字典树,数组,字符串
执行操作标记数组中的元素,数组,哈希表,排序
最大节点价值之和,贪心,位运算,树
进行操作使字符串为空,数组,哈希表,计数
统计前后缀下标对 I,字典树,数组,字符串
按距离统计房屋对数目 II,广度优先搜索,图,前缀和
边界上的蚂蚁,数组,前缀和,模拟
按键变更的次数,字符串,None,None
K 个不相交子数组的最大能量值,数组,动态规划,前缀和
出现频率最高的质数,数组,哈希表,数学
折线图上的最大交点数量,树状数组,几何,数组
求出所有子序列的能量和,数组,动态规划,排序
回文字符串的最大数量,贪心,数组,哈希表
相同分数的最大操作数目 II,记忆化搜索,数组,动态规划
相同分数的最大操作数目 I,数组,模拟,None
三角形类型,数组,数学,排序
可处理的最大删除操作数 I,数组,动态规划,None
分割数组,数组,哈希表,计数
求交集区域内的最大正方形面积,几何,数组,数学
在带权树网络中统计可连接服务器对数目,树,深度优先搜索,数组
拾起 K 个 1 需要的最少行动次数,贪心,数组,前缀和
执行操作使数据元素之和大于等于 K,贪心,数学,枚举
最长公共前缀的长度,字典树,数组,哈希表
修改矩阵,数组,矩阵,None
超过阈值的最少操作数 I,数组,None,None
超过阈值的最少操作数 II,数组,模拟,堆（优先队列）
在无限流中寻找模式 I,数组,字符串匹配,滑动窗口
重新分装苹果,贪心,数组,排序
在矩阵上写出字母 Y 所需的最少操作次数,数组,哈希表,计数
换水问题 II,数学,模拟,None
统计以给定字符开头和结尾的子字符串总数,数学,字符串,计数
元素和小于等于 k 的子矩阵的数目,数组,矩阵,前缀和
最高欺诈百分位数,数据库,None,None
快照分析,数据库,None,None
统计各位数字都不同的数字个数 II,哈希表,数学,动态规划
最小化曼哈顿距离,数组,数学,None
求出所有子序列的能量和,数组,动态规划,None
满足距离约束且字典序最小的字符串,贪心,字符串,None
将元素分配到两个数组中 I,数组,模拟,None
带权图里旅途的最小代价,位运算,并查集,图
每个字符最多出现两次的最长子字符串,哈希表,字符串,滑动窗口
将元素分配到两个数组中 II,树状数组,线段树,数组
幸福值最大化的选择方案,贪心,数组,排序
在无限流中寻找模式 II,数组,字符串匹配,滑动窗口
字符串及其反转中是否存在同一子字符串,哈希表,字符串,None
替换字符串中的问号使分数最小,贪心,哈希表,字符串
得到更多分数的最少关卡数目,数组,前缀和,None
数组中的最短非公共子字符串,字典树,数组,哈希表
员工项目分配,数据库,None,None
没有共同朋友的朋友,数据库,None,None
链表频率,哈希表,链表,计数
成为 K 特殊字符串需要删除的最少字符数,贪心,哈希表,字符串
最高频率的 ID,数组,哈希表,有序集合
找到所有不同的邮件域名,数据库,None,None
时间范围内的用户活动,数据库,None,None
求出加密整数的和,数组,数学,None
链表游戏的获胜者,链表,None,None
计算滞留雨水,数据库,None,None
使用按位查询猜测数字 I,位运算,交互,None
哈沙德数,数学,None,None
最长的严格递增或递减子数组,数组,None,None
交替子数组计数,数组,数学,None
最长公共后缀查询,字典树,数组,字符串
最大递增三元组,数组,有序集合,None
或值至少为 K 的最短子数组 II,位运算,数组,滑动窗口
或值至少 K 的最短子数组 I,位运算,数组,滑动窗口
矩阵中的字母数字模式匹配 I,数组,哈希表,字符串
使数组中位数等于 K 的最少操作数,贪心,数组,排序
查找热门话题标签,数据库,None,None
使字符串反回文,贪心,字符串,排序
查找突发行为,数据库,None,None
使用按位查询猜测数字 II,位运算,交互,None
查找热门话题标签 II,数据库,None,None
,哈希表,字符串,二分查找
分式化简,数组,数学,数论
覆盖,位运算,图,数组
发 LeetCoin,树状数组,线段树,数组
机器人大冒险,数组,哈希表,模拟
猜数字,数组,None,None
判定字符是否唯一,位运算,哈希表,字符串
判定是否互为字符重排,哈希表,字符串,排序
URL化,字符串,None,None
字符串压缩,双指针,字符串,None
字符串轮转,字符串,字符串匹配,None
移除重复节点,哈希表,链表,双指针
回文链表,栈,递归,链表
链表相交,哈希表,链表,双指针
环路检测,哈希表,链表,双指针
栈的最小值,栈,设计,None
化栈为队,栈,设计,队列
节点间通路,深度优先搜索,广度优先搜索,图
三合一,栈,设计,数组
栈排序,栈,设计,单调栈
最小高度树,树,二叉搜索树,数组
特定深度节点链表,树,广度优先搜索,链表
检查平衡性,树,深度优先搜索,二叉树
合法二叉搜索树,树,深度优先搜索,二叉搜索树
后继者,树,深度优先搜索,二叉搜索树
首个共同祖先,树,深度优先搜索,二叉树
插入,位运算,None,None
整数转换,位运算,None,None
配对交换,位运算,None,None
下一个数,位运算,None,None
回文排列,位运算,哈希表,字符串
旋转矩阵,数组,数学,矩阵
零矩阵,数组,哈希表,矩阵
删除中间节点,链表,None,None
链表求和,递归,链表,数学
堆盘子,栈,设计,链表
绘制直线,位运算,数组,数学
三步问题,记忆化搜索,数学,动态规划
幂集,位运算,数组,回溯
递归乘法,位运算,递归,数学
括号,字符串,动态规划,回溯
颜色填充,深度优先搜索,广度优先搜索,数组
堆箱子,数组,动态规划,排序
二进制数转字符串,位运算,数学,字符串
动物收容所,设计,队列,None
检查子树,树,深度优先搜索,二叉树
翻转数位,位运算,动态规划,None
硬币,数组,数学,动态规划
搜索旋转数组,数组,二分查找,None
八皇后,数组,回溯,None
魔术索引,数组,二分查找,None
无重复字符串的排列组合,字符串,回溯,None
稀疏数组搜索,数组,字符串,二分查找
交换数字,位运算,数学,None
单词频率,设计,字典树,数组
交点,几何,数学,None
井字游戏,数组,计数,矩阵
最小差,数组,双指针,二分查找
图书整理 II,栈,设计,队列
斐波那契数,记忆化搜索,数学,动态规划
寻找文件副本,数组,哈希表,排序
寻找目标值 - 二维数组,数组,二分查找,分治
跳跃训练,记忆化搜索,数学,动态规划
库存管理 I,数组,二分查找,None
字母迷宫,数组,字符串,回溯
路径加密,字符串,None,None
衣橱整理,深度优先搜索,广度优先搜索,动态规划
图书整理 I,栈,递归,链表
推理二叉树,树,数组,哈希表
砍竹子 I,数学,动态规划,None
砍竹子 II,数学,动态规划,None
训练计划 IV,递归,链表,None
子结构判断,树,深度优先搜索,二叉树
翻转二叉树,树,深度优先搜索,广度优先搜索
判断对称二叉树,树,深度优先搜索,广度优先搜索
有效数字,字符串,None,None
训练计划 I,数组,双指针,排序
位 1 的个数,位运算,None,None
螺旋遍历二维数组,数组,矩阵,模拟
训练计划 II,链表,双指针,None
"Pow(x, n)",递归,数学,None
报数,数组,数学,None
模糊搜索验证,递归,字符串,动态规划
训练计划 III,递归,链表,None
删除链表的节点,链表,None,None
复杂链表的复制,哈希表,链表,None
库存管理 III,数组,分治,快速选择
最小栈,栈,设计,None
数据流中的中位数,设计,双指针,数据流
连续天数的最高销售额,数组,分治,动态规划
将二叉搜索树转化为排序的双向链表,栈,树,深度优先搜索
验证图书取出顺序,栈,数组,模拟
序列化与反序列化二叉树,树,深度优先搜索,广度优先搜索
套餐内商品的排列顺序,字符串,回溯,None
数字 1 的个数,递归,数学,动态规划
库存管理 II,数组,哈希表,分治
彩灯装饰记录 I,树,广度优先搜索,二叉树
彩灯装饰记录 II,树,广度优先搜索,二叉树
找到第 k 位数字,数学,二分查找,None
彩灯装饰记录 III,树,广度优先搜索,二叉树
验证二叉搜索树的后序遍历序列,栈,树,二叉搜索树
招式拆解 II,队列,哈希表,字符串
二叉树中和为目标值的路径,树,深度优先搜索,回溯
交易逆序对的总数,树状数组,线段树,数组
计算二叉树的深度,树,深度优先搜索,广度优先搜索
撞色搭配,位运算,数组,None
训练计划 VI,位运算,数组,None
查找总价格为目标值的两个商品,数组,双指针,二分查找
破解闯关密码,贪心,字符串,排序
文件组合,数学,双指针,枚举
解密数字,字符串,动态规划,None
训练计划 V,哈希表,链表,双指针
珠宝的最高价值,数组,动态规划,矩阵
字符串中的单词反转,双指针,字符串,None
统计目标成绩的出现次数,数组,二分查找,None
动态口令,数学,双指针,字符串
点名,位运算,数组,哈希表
招式拆解 I,哈希表,字符串,滑动窗口
寻找二叉搜索树中的目标节点,树,深度优先搜索,二叉搜索树
丑数,哈希表,数学,动态规划
加密运算,位运算,数学,None
望远镜中最高的海拔,队列,数组,滑动窗口
设计自助结算系统,设计,队列,单调队列
按规则计算统计结果,数组,前缀和,None
统计结果概率,数学,动态规划,概率与统计
把字符串转换成整数 (atoi),字符串,None,None
文物朝代判断,数组,排序,None
判断是否为平衡二叉树,树,深度优先搜索,二叉树
破冰游戏,递归,数学,None
买卖芯片的最佳时机,数组,动态规划,None
设计机械累加器,位运算,递归,脑筋急转弯
二叉搜索树的最近公共祖先,树,深度优先搜索,二叉搜索树
二叉树的最近公共祖先,树,深度优先搜索,二叉树
有重复字符串的排列组合,字符串,回溯,None
最大数值,位运算,脑筋急转弯,数学
运算,设计,数学,None
生存人数,数组,计数,None
跳水板,数组,数学,None
平分正方形,几何,数学,None
最佳直线,几何,数组,哈希表
珠玑妙算,哈希表,字符串,计数
部分排序,栈,贪心,数组
连续数列,数组,分治,动态规划
模式匹配,数学,字符串,回溯
水域大小,深度优先搜索,广度优先搜索,并查集
一次编辑,双指针,字符串,None
返回倒数第 k 个节点,链表,双指针,None
分割链表,链表,双指针,None
求和路径,树,深度优先搜索,二叉树
二叉搜索树序列,树,二叉搜索树,回溯
迷路的机器人,数组,动态规划,回溯
合并排序的数组,数组,双指针,排序
峰与谷,贪心,数组,排序
汉诺塔问题,递归,数组,None
排序矩阵查找,数组,二分查找,分治
阶乘尾数,数学,None,None
整数的英语表示,递归,数学,字符串
BiNode,栈,树,深度优先搜索
恢复空格,字典树,数组,哈希表
最小K个数,数组,分治,快速选择
最长单词,字典树,数组,哈希表
按摩师,数组,动态规划,None
多次搜索,字典树,数组,哈希表
不用加号的加法,位运算,数学,None
LRU 缓存,设计,哈希表,链表
计算器,栈,数学,字符串
连续中值,设计,双指针,数据流
直方图的水量,栈,数组,双指针
单词转换,广度优先搜索,哈希表,字符串
布尔运算,记忆化搜索,字符串,动态规划
消失的数字,位运算,数组,哈希表
 字母与数字,数组,哈希表,前缀和
2出现的次数,递归,数学,动态规划
婴儿名字,深度优先搜索,广度优先搜索,并查集
马戏团人塔,数组,二分查找,动态规划
第 k 个数,哈希表,数学,动态规划
主要元素,数组,计数,None
单词距离,数组,字符串,None
变位词组,数组,哈希表,字符串
数字流的秩,设计,树状数组,二分查找
数对和,数组,哈希表,双指针
最短超串,数组,哈希表,滑动窗口
消失的两个数字,位运算,数组,哈希表
最大黑方阵,数组,动态规划,矩阵
最大子矩阵,数组,动态规划,矩阵
T9键盘,数组,哈希表,字符串
交换和,数组,哈希表,二分查找
单词矩阵,字典树,数组,字符串
兰顿蚂蚁,数组,哈希表,字符串
稀疏相似度,数组,哈希表,排序
拿硬币,数组,数学,None
剧情触发时间,数组,二分查找,排序
魔术排列,队列,数组,模拟
切分数组,数组,数学,动态规划
二叉树任务调度,树,深度优先搜索,动态规划
传递信息,深度优先搜索,广度优先搜索,图
游乐园的游览计划,图,几何,数学
期望个数统计,数组,哈希表,数学
小张刷题计划,数组,二分查找,None
游乐园的迷宫,贪心,几何,数组
二叉树染色,树,动态规划,二叉树
最小跳跃次数,广度优先搜索,线段树,数组
最小矩形面积,贪心,几何,数组
寻宝,位运算,广度优先搜索,数组
秋叶收藏集,字符串,动态规划,None
数字游戏,数组,数学,堆（优先队列）
导航装置,树,动态规划,二叉树
快速公交,记忆化搜索,数组,动态规划
追逐游戏,深度优先搜索,广度优先搜索,图
古董键盘,数学,动态规划,组合数学
速算机器人,数学,字符串,模拟
黑白方格画,数学,None,None
早餐组合,数组,双指针,二分查找
黑盒光线反射,设计,线段树,数学
采购方案,数组,双指针,二分查找
乐团站位,数学,None,None
变换的迷宫,深度优先搜索,广度优先搜索,数组
批量处理任务,贪心,数组,堆（优先队列）
电动车游城市,图,最短路,堆（优先队列）
蓄水,贪心,数组,堆（优先队列）
最多牌组数,数组,动态规划,排序
守卫城堡,数组,动态规划,矩阵
魔塔游戏,贪心,数组,堆（优先队列）
下载插件,贪心,数学,动态规划
完成一半题目,贪心,数组,哈希表
主题空间,深度优先搜索,广度优先搜索,并查集
两数相除,数学,None,None
组合总和,数组,回溯,None
比特位计数,位运算,动态规划,None
二进制求和,位运算,数学,字符串
组合总和 II,数组,回溯,None
只出现一次的数字 II,位运算,数组,None
全排列,数组,回溯,None
全排列 II ,数组,回溯,None
最大单词长度乘积,位运算,数组,字符串
两数之和 II - 输入有序数组,数组,双指针,二分查找
括号生成,字符串,动态规划,回溯
三数之和,数组,双指针,排序
分割回文串,深度优先搜索,广度优先搜索,图
复原 IP 地址,字符串,回溯,None
长度最小的子数组,数组,二分查找,前缀和
使用最小花费爬楼梯,数组,动态规划,None
乘积小于 K 的子数组,数组,滑动窗口,None
打家劫舍,数组,动态规划,None
和为 K 的子数组,数组,哈希表,前缀和
连续数组,数组,哈希表,前缀和
寻找数组的中心下标,数组,前缀和,None
二维区域和检索 - 矩阵不可变,设计,数组,矩阵
字符串的排列,哈希表,双指针,字符串
找到字符串中所有字母异位词,哈希表,字符串,滑动窗口
无重复字符的最长子串,哈希表,字符串,滑动窗口
最小覆盖子串,哈希表,字符串,滑动窗口
验证回文串,双指针,字符串,None
验证回文串 II,贪心,双指针,字符串
回文子串,字符串,动态规划,None
删除链表的倒数第 N 个结点,链表,双指针,None
环形链表 II,哈希表,链表,双指针
相交链表,哈希表,链表,双指针
反转链表,递归,链表,None
两数相加 II,栈,链表,数学
重排链表,栈,递归,链表
回文链表,栈,递归,链表
扁平化多级双向链表,深度优先搜索,链表,双向链表
循环有序列表的插入,链表,None,None
打家劫舍 II,数组,动态规划,None
O(1) 时间插入、删除和获取随机元素,设计,数组,哈希表
粉刷房子,数组,动态规划,None
将字符串翻转到单调递增,字符串,动态规划,None
LRU 缓存,设计,哈希表,链表
最长的斐波那契子序列的长度,数组,哈希表,动态规划
分割回文串 II,字符串,动态规划,None
有效的字母异位词,哈希表,字符串,排序
最长公共子序列,字符串,动态规划,None
字母异位词分组,数组,哈希表,字符串
验证外星语词典,数组,哈希表,字符串
交错字符串,字符串,动态规划,None
最小时间差,数组,数学,字符串
逆波兰表达式求值,栈,数组,数学
不同的子序列,字符串,动态规划,None
行星碰撞,栈,数组,模拟
每日温度,栈,数组,单调栈
柱状图中最大的矩形,栈,数组,单调栈
最大矩形,栈,数组,动态规划
最小路径和,数组,动态规划,矩阵
三角形最小路径和,数组,动态规划,None
分割等和子集,数学,字符串,模拟
目标和,数组,动态规划,回溯
零钱兑换,广度优先搜索,数组,动态规划
组合总和 Ⅳ,数组,动态规划,None
岛屿的最大面积,深度优先搜索,广度优先搜索,并查集
数据流中的移动平均值,设计,队列,数组
最近的请求次数,设计,队列,数据流
判断二分图,深度优先搜索,广度优先搜索,并查集
完全二叉树插入器,树,广度优先搜索,设计
01 矩阵,广度优先搜索,数组,动态规划
在每个树行中找最大值,树,深度优先搜索,广度优先搜索
找树左下角的值,树,深度优先搜索,广度优先搜索
二叉树的右视图,树,深度优先搜索,广度优先搜索
单词接龙,广度优先搜索,哈希表,字符串
二叉树剪枝,树,深度优先搜索,二叉树
打开转盘锁,广度优先搜索,数组,哈希表
所有可能的路径,深度优先搜索,广度优先搜索,图
二叉树的序列化与反序列化,树,深度优先搜索,广度优先搜索
除法求值,深度优先搜索,广度优先搜索,并查集
求根节点到叶节点数字之和,树,深度优先搜索,二叉树
路径总和 III,树,深度优先搜索,二叉树
矩阵中的最长递增路径,深度优先搜索,广度优先搜索,图
二叉树中的最大路径和,树,深度优先搜索,动态规划
课程表 II,深度优先搜索,广度优先搜索,图
递增顺序搜索树,栈,树,深度优先搜索
火星词典,深度优先搜索,广度优先搜索,图
二叉搜索树中的中序后继,树,深度优先搜索,二叉搜索树
序列重建,图,拓扑排序,数组
把二叉搜索树转换为累加树,树,深度优先搜索,二叉搜索树
二叉搜索树迭代器,栈,树,设计
相似字符串组,深度优先搜索,广度优先搜索,并查集
冗余连接,深度优先搜索,广度优先搜索,并查集
两数之和 IV - 输入二叉搜索树,数组,滑动窗口,None
最长连续序列,并查集,数组,哈希表
存在重复元素 III,数组,桶排序,有序集合
我的日程安排表 I,设计,线段树,二分查找
数据流中的第 K 大元素,树,设计,二叉搜索树
前 K 个高频元素,数组,哈希表,分治
实现 Trie (前缀树),设计,字典树,哈希表
查找和最小的 K 对数字,数组,堆（优先队列）,None
单词替换,字典树,数组,哈希表
实现一个魔法字典,深度优先搜索,设计,字典树
单词的压缩编码,字典树,数组,哈希表
 键值映射,设计,字典树,哈希表
数组中两个数的最大异或值,位运算,字典树,数组
搜索插入位置,数组,二分查找,None
山脉数组的峰顶索引,数组,二分查找,None
有序数组中的单一元素,数组,二分查找,None
按权重随机选择,数组,数学,二分查找
x 的平方根,数学,二分查找,None
爱吃香蕉的狒狒,数组,二分查找,None
合并区间,数组,排序,None
数组的相对排序,数组,哈希表,计数排序
数组中的第 K 个最大元素,数组,分治,快速选择
排序链表,链表,双指针,分治
合并 K 个升序链表,链表,分治,堆（优先队列）
子集,位运算,数组,回溯
组合,数组,回溯,None
不同路径,数学,动态规划,组合数学
省份数量,深度优先搜索,广度优先搜索,并查集
环形闯关游戏,位运算,并查集,数组
入场安检,数组,动态规划,None
开幕式焰火,树,深度优先搜索,广度优先搜索
十字路口的交通,数组,字符串,动态规划
心算挑战,贪心,数组,排序
无人机方阵,数组,哈希表,计数
黑白翻转棋,广度优先搜索,数组,矩阵
玩具套圈,几何,数组,哈希表
志愿者调配,图,数组,数学
无限棋局,数组,数学,枚举
自行车炫技赛场,深度优先搜索,广度优先搜索,记忆化搜索
宝石补给,数组,模拟,None
烹饪料理,位运算,数组,回溯
二叉搜索树染色,树,线段树,二叉搜索树
守护太空城,位运算,数组,动态规划
夺回据点,图,数组,双连通分量
采集果实,数组,None,None
信物传送,广度优先搜索,图,数组
打地鼠,数组,动态规划,矩阵
搭桥过河,数组,动态规划,None
力扣泡泡龙,树,动态规划,二叉树
积木拼接,数组,回溯,矩阵
气温变化趋势,数组,None,None
交通枢纽,图,None,None
舒适的湿度,数组,动态规划,None
二叉树灯饰,树,深度优先搜索,动态规划
弹珠游戏,深度优先搜索,广度优先搜索,图
最小展台数量,数组,哈希表,字符串
装饰树,树,深度优先搜索,广度优先搜索
美观的花束,数组,滑动窗口,None
Hello LeetCode!,位运算,数组,字符串
沙地治理,数组,数学,None
集水器,并查集,数组,矩阵
